Devolução_ID,Venda_ID,Produto_ID,Cliente_ID,Quantidade,Motivo da Devolução,Data da Devolução
1,973,350,78,1,Expectativa não atendida,2024-01-25 03:14:57
2,787,207,213,2,Defeito no Produto,2016-12-08 11:49:28
3,153,25,51,4,Troca,2017-02-04 18:57:35
4,739,215,970,4,Expectativa não atendida,2018-12-27 17:32:23
5,755,146,159,1,Tamanho Inadequado,2015-02-17 04:50:09
6,129,829,612,4,Tamanho Inadequado,2024-11-20 05:05:49
7,559,116,519,5,Tamanho Inadequado,2024-02-18 01:48:57
8,606,921,951,3,Outros,2014-02-08 01:40:39
9,842,251,722,3,Expectativa não atendida,2015-08-09 01:25:58
10,912,646,131,3,Troca,2019-02-03 15:29:36
11,457,440,62,5,Arrependimento,2019-06-27 20:09:29
12,533,57,800,1,Expectativa não atendida,2024-06-25 10:37:31
13,562,351,342,2,Expectativa não atendida,2019-03-23 17:33:19
14,172,544,473,2,Arrependimento,2016-06-22 18:21:57
15,531,194,664,1,Tamanho Inadequado,2019-10-05 05:07:37
16,541,35,96,4,Arrependimento,2016-08-23 23:44:20
17,971,186,762,3,Outros,2021-04-16 12:21:27
18,32,542,989,4,Expectativa não atendida,2017-12-21 11:25:04
19,603,638,231,5,Arrependimento,2024-02-08 18:16:57
20,61,11,66,1,Outros,2015-09-22 07:27:22
21,284,168,157,2,Defeito no Produto,2014-02-16 23:09:35
22,101,713,489,3,Tamanho Inadequado,2024-06-15 12:59:18
23,284,902,690,5,Arrependimento,2022-06-12 16:45:20
24,539,62,61,3,Desistência,2024-02-23 19:16:09
25,837,77,530,4,Defeito no Produto,2019-02-14 10:36:27
26,651,966,401,5,Defeito no Produto,2019-03-30 18:50:58
27,859,472,421,5,Desistência,2014-07-23 20:28:35
28,301,499,380,1,Tamanho Inadequado,2016-08-03 18:17:40
29,784,223,376,3,Arrependimento,2024-04-29 15:09:43
30,289,682,758,4,Arrependimento,2020-08-13 03:35:19
31,587,495,864,3,Expectativa não atendida,2018-11-28 09:11:06
32,638,953,14,3,Outros,2024-05-03 17:21:14
33,757,54,451,1,Troca,2024-03-11 08:56:16
34,22,801,904,4,Desistência,2017-05-07 15:14:05
35,751,522,756,4,Troca,2022-07-18 10:30:18
36,474,214,643,3,Arrependimento,2022-06-12 18:18:28
37,858,192,921,3,Outros,2024-06-18 09:13:46
38,949,265,900,2,Outros,2023-02-15 04:43:07
39,281,92,306,4,Tamanho Inadequado,2019-12-23 21:36:54
40,749,968,308,2,Outros,2014-11-12 12:03:53
41,693,137,994,2,Defeito no Produto,2014-04-16 09:10:00
42,344,826,580,2,Tamanho Inadequado,2016-02-19 08:15:55
43,664,930,964,4,Arrependimento,2017-01-10 21:29:13
44,48,535,603,5,Outros,2016-04-02 01:01:08
45,327,507,911,2,Arrependimento,2014-05-12 13:56:16
46,186,691,148,3,Tamanho Inadequado,2015-02-03 16:01:12
47,137,969,110,3,Desistência,2017-08-05 16:03:58
48,436,136,679,5,Troca,2021-02-24 02:41:54
49,938,78,866,3,Tamanho Inadequado,2023-01-21 07:39:36
50,281,588,315,3,Desistência,2024-10-04 08:18:14
51,460,217,431,4,Outros,2020-02-21 18:11:05
52,708,295,554,3,Defeito no Produto,2021-07-25 11:09:26
53,893,153,412,2,Troca,2018-06-21 06:40:15
54,234,939,892,3,Desistência,2022-03-28 12:59:16
55,106,957,455,1,Tamanho Inadequado,2014-03-10 21:35:36
56,961,531,375,2,Expectativa não atendida,2017-08-14 02:57:34
57,16,443,776,2,Outros,2022-04-17 18:17:41
58,810,330,148,5,Outros,2020-12-28 09:19:02
59,293,775,828,1,Troca,2017-03-16 02:00:54
60,5,18,388,3,Troca,2019-05-12 00:42:44
61,244,245,257,5,Outros,2019-12-05 19:49:26
62,431,21,302,1,Tamanho Inadequado,2019-02-10 21:17:32
63,568,903,516,5,Expectativa não atendida,2020-01-05 19:36:42
64,70,613,243,3,Troca,2021-04-15 01:38:27
65,366,574,593,4,Troca,2015-06-21 05:05:13
66,933,849,403,2,Expectativa não atendida,2021-02-12 04:56:03
67,168,614,825,3,Expectativa não atendida,2014-07-01 04:17:27
68,102,657,869,2,Outros,2022-10-30 00:49:30
69,840,777,707,4,Troca,2024-10-05 04:17:27
70,641,947,108,3,Expectativa não atendida,2017-08-20 03:19:26
71,915,550,34,3,Expectativa não atendida,2024-02-13 09:07:44
72,249,601,696,5,Outros,2022-01-30 00:52:54
73,399,556,328,2,Defeito no Produto,2023-02-14 21:29:42
74,590,409,694,5,Defeito no Produto,2018-10-26 13:22:30
75,32,33,930,5,Defeito no Produto,2015-02-24 05:17:14
76,770,417,648,1,Arrependimento,2024-12-22 15:28:33
77,69,566,468,4,Desistência,2016-05-06 19:50:44
78,869,963,402,5,Outros,2017-10-17 14:09:56
79,132,977,9,5,Defeito no Produto,2021-05-07 18:42:31
80,877,926,822,2,Outros,2021-08-30 09:55:03
81,840,795,778,2,Tamanho Inadequado,2017-07-12 15:12:19
82,286,928,973,1,Defeito no Produto,2022-08-15 20:21:16
83,758,25,827,1,Arrependimento,2016-04-08 23:57:57
84,983,117,979,5,Tamanho Inadequado,2016-08-21 11:48:20
85,652,615,50,3,Expectativa não atendida,2024-11-20 23:27:53
86,736,764,390,4,Defeito no Produto,2015-11-03 19:44:55
87,222,954,776,1,Desistência,2023-01-26 08:18:07
88,282,897,994,5,Desistência,2014-05-04 10:03:53
89,165,954,801,1,Tamanho Inadequado,2014-04-12 14:42:42
90,484,260,115,2,Defeito no Produto,2020-01-27 18:52:16
91,965,997,195,1,Arrependimento,2014-04-18 01:19:42
92,294,740,73,5,Tamanho Inadequado,2023-10-06 04:17:33
93,334,251,550,1,Desistência,2019-07-04 11:32:37
94,634,179,551,1,Troca,2018-07-27 09:20:07
95,431,952,754,1,Defeito no Produto,2015-09-24 01:08:46
96,431,958,429,1,Tamanho Inadequado,2014-04-09 18:46:12
97,620,804,955,3,Expectativa não atendida,2018-02-20 01:50:36
98,860,946,407,2,Desistência,2022-11-07 20:49:39
99,835,48,306,5,Desistência,2022-01-21 22:26:46
100,604,926,62,4,Outros,2018-09-25 12:33:05
101,518,60,667,2,Arrependimento,2023-11-05 02:44:20
102,885,789,231,5,Tamanho Inadequado,2015-09-06 23:55:36
103,362,852,865,1,Troca,2021-02-14 12:37:34
104,983,931,462,4,Expectativa não atendida,2020-05-28 00:58:35
105,252,323,483,5,Arrependimento,2015-09-13 21:50:01
106,106,945,748,4,Expectativa não atendida,2023-04-04 16:13:45
107,904,129,300,2,Outros,2015-08-31 22:29:22
108,173,284,648,1,Outros,2022-09-27 16:20:03
109,879,538,587,5,Defeito no Produto,2014-12-18 00:19:12
110,515,432,500,1,Troca,2015-03-27 12:06:12
111,351,355,130,5,Desistência,2020-07-08 14:27:25
112,128,116,328,3,Tamanho Inadequado,2023-10-14 03:26:28
113,709,313,291,4,Expectativa não atendida,2015-02-05 16:35:53
114,681,27,640,2,Arrependimento,2020-09-19 23:04:46
115,251,531,779,4,Tamanho Inadequado,2018-02-07 11:28:39
116,127,289,758,4,Outros,2018-11-18 13:46:57
117,216,27,102,3,Tamanho Inadequado,2016-06-10 15:01:02
118,484,232,193,2,Expectativa não atendida,2020-10-11 06:14:52
119,29,776,71,3,Desistência,2021-08-24 02:28:15
120,178,193,638,1,Desistência,2014-06-14 13:46:42
121,834,5,561,5,Defeito no Produto,2019-07-01 09:37:45
122,79,41,684,5,Expectativa não atendida,2016-05-03 20:00:24
123,56,460,894,4,Desistência,2024-08-13 20:15:56
124,945,950,695,1,Outros,2014-12-27 07:55:52
125,314,674,377,5,Arrependimento,2014-11-06 15:16:37
126,260,113,950,4,Arrependimento,2014-11-26 19:38:39
127,263,320,257,4,Tamanho Inadequado,2020-07-30 17:56:10
128,412,436,748,4,Tamanho Inadequado,2015-06-21 00:57:34
129,398,271,592,2,Tamanho Inadequado,2023-01-12 12:24:35
130,32,842,592,3,Troca,2018-01-16 02:35:32
131,987,429,560,4,Outros,2019-02-16 18:51:37
132,634,664,295,5,Troca,2023-04-14 20:02:48
133,5,693,188,1,Troca,2014-04-01 11:16:57
134,105,378,86,5,Defeito no Produto,2015-04-16 04:25:05
135,713,505,391,1,Defeito no Produto,2021-11-21 11:02:34
136,412,271,45,3,Defeito no Produto,2021-10-08 02:10:55
137,119,249,931,5,Desistência,2015-09-18 16:50:52
138,160,42,613,1,Expectativa não atendida,2020-06-12 01:21:22
139,846,2,469,4,Arrependimento,2015-12-30 10:08:17
140,943,898,652,3,Desistência,2015-05-28 01:31:04
141,505,763,637,1,Arrependimento,2016-07-02 21:52:35
142,403,286,325,2,Desistência,2023-09-20 02:31:59
143,528,809,620,5,Outros,2024-06-03 02:56:42
144,515,259,455,1,Tamanho Inadequado,2022-07-21 01:02:46
145,556,992,549,3,Troca,2021-06-12 19:06:53
146,345,213,288,2,Outros,2018-09-24 06:59:37
147,228,197,902,1,Desistência,2014-10-30 10:43:57
148,612,236,415,3,Outros,2022-05-12 00:15:16
149,767,303,230,1,Defeito no Produto,2014-12-21 06:51:51
150,643,377,699,1,Outros,2022-09-07 23:49:30
151,533,122,616,3,Tamanho Inadequado,2022-05-16 05:07:08
152,269,715,637,3,Tamanho Inadequado,2023-07-18 09:54:37
153,149,978,355,3,Troca,2021-03-16 04:58:54
154,927,835,415,3,Tamanho Inadequado,2018-11-26 01:24:23
155,608,564,145,4,Arrependimento,2022-08-18 11:17:23
156,76,394,981,1,Troca,2024-04-04 12:57:55
157,870,854,535,4,Desistência,2019-04-06 09:49:40
158,538,823,475,4,Desistência,2021-09-24 07:03:50
159,37,229,209,4,Tamanho Inadequado,2016-04-29 09:16:00
160,873,956,623,1,Expectativa não atendida,2022-10-19 14:13:52
161,398,606,657,4,Desistência,2024-11-07 12:21:21
162,444,944,221,4,Arrependimento,2023-12-12 10:22:15
163,40,668,398,2,Desistência,2017-01-27 03:43:16
164,35,753,703,4,Troca,2022-10-20 06:53:42
165,76,593,190,4,Defeito no Produto,2021-10-30 11:45:58
166,107,642,880,5,Desistência,2018-10-09 05:34:54
167,693,18,916,3,Desistência,2022-09-15 10:18:06
168,758,832,126,3,Desistência,2023-08-30 07:22:15
169,183,799,192,5,Outros,2018-05-12 01:07:42
170,521,188,286,5,Troca,2022-03-13 14:21:09
171,339,434,733,4,Arrependimento,2018-03-13 21:35:43
172,654,990,291,5,Expectativa não atendida,2015-10-24 20:12:04
173,210,234,236,1,Tamanho Inadequado,2014-11-01 19:23:40
174,441,170,687,4,Defeito no Produto,2022-04-07 01:00:03
175,642,168,79,3,Expectativa não atendida,2018-12-03 10:00:26
176,904,206,660,5,Arrependimento,2017-04-08 10:33:16
177,999,905,327,3,Outros,2019-04-26 16:57:46
178,53,319,952,5,Tamanho Inadequado,2015-09-20 12:21:39
179,278,527,970,4,Tamanho Inadequado,2015-06-28 15:12:22
180,667,550,465,2,Arrependimento,2017-06-16 19:51:04
181,557,596,810,1,Defeito no Produto,2014-07-11 21:07:25
182,507,413,522,2,Tamanho Inadequado,2022-04-11 21:35:24
183,238,798,951,2,Expectativa não atendida,2020-08-06 17:13:33
184,226,887,306,2,Desistência,2022-07-16 05:10:25
185,451,857,301,2,Arrependimento,2015-10-13 01:32:20
186,390,585,347,1,Tamanho Inadequado,2024-08-06 04:17:28
187,888,32,253,1,Defeito no Produto,2018-04-30 16:28:10
188,421,585,296,5,Troca,2015-11-25 12:07:19
189,447,115,509,4,Arrependimento,2022-11-15 13:10:28
190,992,590,306,3,Desistência,2021-11-17 04:56:57
191,733,839,910,3,Desistência,2018-01-05 04:43:45
192,601,557,162,1,Tamanho Inadequado,2019-12-07 01:27:23
193,103,785,214,1,Outros,2019-04-03 00:22:36
194,870,864,408,2,Troca,2014-02-10 01:11:25
195,835,609,964,3,Defeito no Produto,2024-10-20 02:43:29
196,878,326,74,1,Desistência,2015-03-12 22:13:59
197,251,482,598,3,Defeito no Produto,2024-11-18 17:28:26
198,358,118,608,1,Expectativa não atendida,2016-04-29 22:16:02
199,797,242,836,1,Arrependimento,2022-01-27 08:08:07
200,449,201,830,3,Expectativa não atendida,2015-02-23 21:54:44
201,133,648,463,3,Desistência,2017-10-15 16:58:11
202,326,473,184,5,Tamanho Inadequado,2022-09-01 17:25:09
203,394,624,14,1,Expectativa não atendida,2021-05-26 21:06:18
204,631,379,276,5,Defeito no Produto,2018-12-27 13:20:21
205,951,52,631,4,Tamanho Inadequado,2018-03-13 06:12:20
206,132,972,212,2,Arrependimento,2024-05-21 23:37:23
207,997,184,618,3,Outros,2015-01-03 22:05:04
208,910,380,951,5,Tamanho Inadequado,2023-03-28 20:30:38
209,982,859,983,1,Arrependimento,2020-02-23 12:27:31
210,463,623,713,3,Outros,2014-11-04 13:23:16
211,92,770,345,2,Arrependimento,2020-03-24 21:35:58
212,696,455,877,2,Troca,2022-01-25 21:34:35
213,69,722,2,4,Troca,2024-11-09 08:30:35
214,670,537,286,4,Expectativa não atendida,2022-12-09 04:55:37
215,80,524,89,1,Defeito no Produto,2015-01-17 01:11:26
216,412,659,386,1,Desistência,2015-01-21 02:42:00
217,850,795,470,4,Defeito no Produto,2017-05-18 16:52:44
218,864,575,5,5,Troca,2024-07-01 23:35:15
219,105,412,368,3,Defeito no Produto,2017-07-20 16:16:06
220,64,387,401,3,Defeito no Produto,2018-10-14 07:38:01
221,780,886,324,2,Troca,2022-09-30 20:36:23
222,375,268,576,2,Troca,2022-03-22 08:31:04
223,579,210,440,1,Arrependimento,2023-02-02 08:18:23
224,372,438,306,3,Defeito no Produto,2016-09-25 15:04:15
225,50,202,123,1,Tamanho Inadequado,2018-12-30 23:00:13
226,240,641,734,2,Outros,2018-11-05 14:02:52
227,371,69,211,5,Defeito no Produto,2024-10-28 18:26:40
228,199,101,755,3,Tamanho Inadequado,2020-09-16 09:22:18
229,758,898,78,5,Troca,2021-06-13 13:56:36
230,531,995,976,4,Defeito no Produto,2015-12-08 11:10:26
231,958,51,313,1,Troca,2018-05-29 12:51:03
232,245,67,57,1,Defeito no Produto,2014-09-16 06:34:47
233,242,124,906,2,Arrependimento,2022-05-25 20:53:01
234,894,231,585,5,Outros,2023-10-07 14:43:40
235,205,262,387,4,Tamanho Inadequado,2022-09-15 23:15:07
236,306,746,895,1,Expectativa não atendida,2019-12-04 09:36:46
237,769,897,780,3,Defeito no Produto,2018-10-06 07:31:06
238,990,839,801,1,Troca,2020-03-13 16:12:42
239,838,163,189,4,Defeito no Produto,2016-09-19 14:19:10
240,884,511,110,4,Expectativa não atendida,2024-01-29 18:20:11
241,247,634,44,5,Troca,2020-10-30 15:11:10
242,543,802,327,4,Tamanho Inadequado,2017-01-10 05:47:24
243,250,795,620,2,Arrependimento,2022-03-10 16:43:48
244,42,598,572,5,Desistência,2019-07-12 06:42:43
245,288,893,874,3,Tamanho Inadequado,2018-10-29 04:48:47
246,101,788,286,2,Expectativa não atendida,2024-02-16 06:31:24
247,4,932,176,3,Desistência,2020-12-12 00:54:13
248,941,858,579,5,Outros,2018-03-10 00:26:23
249,310,894,44,2,Arrependimento,2020-02-04 09:14:31
250,652,616,656,3,Outros,2020-07-17 17:38:28
251,42,849,573,3,Outros,2017-02-18 23:08:28
252,836,240,805,2,Desistência,2023-10-24 02:15:53
253,748,252,894,3,Arrependimento,2017-10-02 15:19:27
254,110,912,965,5,Expectativa não atendida,2021-02-27 05:42:04
255,586,301,869,5,Tamanho Inadequado,2023-06-15 01:40:34
256,593,15,913,3,Tamanho Inadequado,2016-09-03 18:47:53
257,316,366,784,4,Arrependimento,2015-12-02 12:45:50
258,515,258,985,5,Tamanho Inadequado,2023-10-01 21:51:38
259,438,110,72,3,Desistência,2023-02-02 17:45:26
260,222,368,204,3,Arrependimento,2014-01-10 15:45:56
261,797,771,508,4,Arrependimento,2024-04-30 08:29:26
262,251,439,278,4,Defeito no Produto,2018-04-22 09:02:39
263,149,130,63,1,Arrependimento,2023-09-14 07:23:51
264,422,957,803,2,Defeito no Produto,2019-02-09 19:26:12
265,473,264,407,4,Troca,2022-01-07 11:26:52
266,243,87,712,4,Tamanho Inadequado,2017-02-18 06:12:52
267,188,374,596,5,Tamanho Inadequado,2023-03-19 17:08:31
268,382,272,376,5,Desistência,2018-01-31 16:36:17
269,415,277,289,2,Tamanho Inadequado,2024-03-04 04:13:54
270,97,189,456,1,Expectativa não atendida,2019-10-20 07:05:21
271,737,242,611,4,Desistência,2019-07-20 14:47:12
272,738,589,796,5,Expectativa não atendida,2017-09-14 01:13:11
273,12,813,344,2,Outros,2019-10-23 09:17:00
274,800,108,670,1,Expectativa não atendida,2020-09-09 06:23:37
275,696,437,263,5,Troca,2016-05-31 12:27:35
276,571,62,86,1,Outros,2018-03-14 08:57:10
277,684,391,977,5,Outros,2015-09-07 00:35:08
278,204,847,981,5,Tamanho Inadequado,2021-06-20 18:31:08
279,840,483,646,5,Expectativa não atendida,2020-05-08 00:57:03
280,142,175,94,2,Desistência,2024-05-11 09:32:44
281,403,410,864,3,Arrependimento,2015-09-27 09:41:27
282,917,574,595,4,Arrependimento,2018-04-06 10:08:06
283,201,496,589,3,Expectativa não atendida,2016-02-24 23:07:52
284,406,616,784,1,Desistência,2018-04-13 18:05:12
285,681,416,467,1,Troca,2016-03-05 16:28:52
286,258,360,837,1,Outros,2021-04-21 23:42:56
287,874,276,648,3,Tamanho Inadequado,2015-05-21 13:50:04
288,286,529,254,4,Defeito no Produto,2014-01-27 05:40:06
289,462,803,131,3,Expectativa não atendida,2021-06-28 01:29:11
290,878,138,814,4,Desistência,2015-02-20 18:32:17
291,284,115,951,1,Troca,2024-06-30 19:24:51
292,797,567,221,3,Desistência,2024-02-05 18:18:47
293,849,293,995,1,Defeito no Produto,2016-01-17 23:13:59
294,719,46,552,3,Arrependimento,2016-04-26 03:41:42
295,90,13,720,4,Tamanho Inadequado,2020-04-02 10:30:40
296,683,974,852,3,Defeito no Produto,2019-08-09 07:38:22
297,188,267,18,1,Defeito no Produto,2022-01-30 21:47:51
298,212,551,982,2,Outros,2021-08-14 11:06:14
299,436,52,526,2,Expectativa não atendida,2018-03-19 10:47:53
300,501,588,503,4,Tamanho Inadequado,2023-12-15 11:06:32
301,996,971,363,2,Tamanho Inadequado,2020-09-12 02:50:18
302,663,88,865,2,Tamanho Inadequado,2015-02-27 14:55:46
303,452,886,244,5,Tamanho Inadequado,2017-02-07 22:47:03
304,840,608,900,4,Expectativa não atendida,2021-03-24 22:22:56
305,9,432,655,1,Defeito no Produto,2017-06-18 09:43:35
306,512,592,220,5,Desistência,2023-11-28 12:34:49
307,520,932,425,4,Desistência,2019-01-22 21:48:35
308,553,801,839,5,Defeito no Produto,2017-12-11 23:13:08
309,425,243,190,4,Defeito no Produto,2016-02-15 19:40:46
310,458,872,598,2,Defeito no Produto,2019-02-01 03:36:33
311,148,751,768,1,Tamanho Inadequado,2015-10-25 04:47:39
312,577,703,747,4,Tamanho Inadequado,2017-01-02 08:07:37
313,943,919,322,5,Desistência,2015-04-06 19:30:09
314,109,702,995,1,Defeito no Produto,2021-05-31 15:07:03
315,918,866,276,3,Expectativa não atendida,2015-09-13 22:12:07
316,824,65,934,4,Outros,2018-07-09 01:05:14
317,675,810,766,2,Troca,2018-01-27 17:16:47
318,46,120,346,4,Troca,2020-03-17 13:49:04
319,592,343,75,5,Desistência,2017-08-08 08:01:41
320,500,821,347,1,Defeito no Produto,2020-09-05 21:39:08
321,66,922,205,3,Outros,2017-12-09 01:55:39
322,278,820,534,1,Outros,2015-12-18 20:02:46
323,829,113,407,2,Troca,2019-12-28 05:35:38
324,232,284,103,3,Outros,2019-11-01 02:26:17
325,803,802,510,4,Expectativa não atendida,2022-11-25 08:41:58
326,678,63,103,5,Arrependimento,2016-02-05 06:25:31
327,732,354,234,4,Expectativa não atendida,2022-07-26 15:57:06
328,914,843,23,2,Outros,2024-01-11 14:39:23
329,360,459,459,3,Troca,2016-11-05 08:28:09
330,495,391,369,1,Desistência,2020-06-07 00:16:32
331,679,862,575,5,Arrependimento,2016-08-29 10:09:03
332,610,929,466,4,Expectativa não atendida,2024-06-21 17:49:25
333,260,202,224,2,Desistência,2021-12-05 21:44:59
334,777,685,52,1,Troca,2023-05-20 06:52:43
335,132,982,294,2,Outros,2020-05-16 20:45:38
336,852,223,88,5,Outros,2015-07-17 11:22:49
337,682,745,660,4,Tamanho Inadequado,2021-05-10 18:22:28
338,580,751,462,2,Expectativa não atendida,2022-03-12 10:26:17
339,586,2,80,2,Tamanho Inadequado,2023-08-08 00:58:08
340,855,502,133,5,Tamanho Inadequado,2016-01-09 16:50:34
341,984,732,622,4,Tamanho Inadequado,2022-10-22 10:07:00
342,394,680,198,4,Troca,2021-01-04 23:05:02
343,709,321,692,5,Arrependimento,2023-10-28 10:34:54
344,402,618,581,3,Defeito no Produto,2022-05-14 16:15:37
345,519,104,357,4,Troca,2016-05-22 23:15:52
346,953,200,546,4,Tamanho Inadequado,2023-09-22 23:45:46
347,283,358,124,4,Arrependimento,2017-08-27 03:15:37
348,312,645,404,5,Outros,2014-04-20 14:53:31
349,489,699,329,1,Desistência,2019-12-19 18:24:02
350,896,77,8,3,Expectativa não atendida,2014-04-05 15:38:24
351,43,264,585,5,Desistência,2014-08-06 12:31:29
352,306,334,486,1,Tamanho Inadequado,2019-02-28 17:53:21
353,824,744,654,1,Tamanho Inadequado,2016-03-22 05:39:38
354,694,676,47,3,Arrependimento,2023-05-17 05:50:15
355,599,646,998,1,Desistência,2015-12-30 11:39:47
356,536,833,656,5,Defeito no Produto,2018-11-02 20:31:50
357,172,708,670,5,Expectativa não atendida,2023-11-24 17:54:26
358,567,554,527,4,Expectativa não atendida,2015-07-03 16:27:05
359,856,678,69,4,Arrependimento,2020-04-01 04:42:49
360,366,608,819,3,Desistência,2018-06-20 12:50:44
361,983,490,853,5,Expectativa não atendida,2020-01-26 13:42:59
362,453,689,162,4,Defeito no Produto,2016-01-06 05:33:57
363,308,433,433,2,Tamanho Inadequado,2024-01-09 02:26:05
364,181,104,821,4,Defeito no Produto,2021-05-09 07:13:56
365,863,175,277,2,Desistência,2024-09-14 23:44:20
366,426,630,378,5,Troca,2022-01-23 15:51:01
367,637,522,63,1,Troca,2014-12-13 21:34:00
368,445,539,545,4,Expectativa não atendida,2022-03-04 23:23:16
369,682,70,567,4,Arrependimento,2019-12-11 01:46:53
370,180,736,965,5,Troca,2015-11-15 11:10:05
371,599,174,203,4,Expectativa não atendida,2019-11-13 19:35:42
372,416,817,489,5,Expectativa não atendida,2024-10-14 20:50:41
373,614,688,243,1,Troca,2022-11-29 14:07:00
374,442,533,933,5,Troca,2017-04-20 18:51:49
375,802,340,59,3,Defeito no Produto,2022-12-10 04:28:19
376,638,184,676,4,Arrependimento,2023-02-10 11:14:03
377,370,268,443,5,Arrependimento,2021-01-29 23:49:15
378,409,65,459,1,Desistência,2018-05-13 15:04:58
379,179,126,35,3,Expectativa não atendida,2022-11-13 17:03:58
380,677,224,80,4,Expectativa não atendida,2014-06-18 13:46:17
381,223,203,269,5,Troca,2014-03-04 17:01:20
382,965,799,533,3,Troca,2020-09-26 16:32:43
383,374,550,857,5,Defeito no Produto,2014-06-10 16:28:13
384,810,19,663,5,Desistência,2019-09-21 13:47:30
385,674,972,250,1,Troca,2015-09-27 23:03:50
386,989,754,213,4,Tamanho Inadequado,2023-09-12 18:43:02
387,308,531,29,2,Tamanho Inadequado,2016-12-16 11:47:10
388,731,256,245,3,Arrependimento,2021-05-05 17:27:49
389,573,870,138,4,Arrependimento,2021-01-04 19:22:52
390,217,677,346,3,Expectativa não atendida,2015-06-30 05:19:00
391,800,118,49,4,Troca,2017-07-17 15:47:43
392,485,474,609,2,Desistência,2016-10-02 05:37:28
393,954,518,827,2,Expectativa não atendida,2014-02-16 06:37:39
394,201,656,223,2,Arrependimento,2015-12-08 15:55:00
395,586,454,628,4,Troca,2021-11-21 16:55:52
396,845,272,515,5,Tamanho Inadequado,2016-01-07 23:35:06
397,357,186,683,1,Troca,2015-11-20 00:41:54
398,698,988,662,2,Expectativa não atendida,2024-08-16 20:58:34
399,352,532,943,3,Defeito no Produto,2024-05-03 08:58:52
400,843,752,789,5,Troca,2016-02-27 03:13:08
401,986,74,852,1,Expectativa não atendida,2023-01-21 09:05:27
402,376,161,813,2,Expectativa não atendida,2019-06-28 11:22:20
403,260,88,672,5,Tamanho Inadequado,2015-08-30 20:45:47
404,749,100,521,1,Troca,2016-01-21 02:18:00
405,575,553,617,3,Troca,2022-09-18 16:19:23
406,358,241,746,5,Tamanho Inadequado,2024-03-19 08:27:34
407,490,320,886,5,Expectativa não atendida,2018-04-12 07:07:29
408,154,345,796,4,Expectativa não atendida,2020-04-03 04:22:48
409,297,546,218,5,Expectativa não atendida,2016-07-12 18:25:31
410,993,673,4,2,Arrependimento,2017-06-13 00:07:12
411,92,451,440,4,Desistência,2019-04-02 23:54:01
412,347,793,784,3,Tamanho Inadequado,2020-09-03 18:31:37
413,194,463,384,3,Arrependimento,2014-12-26 19:18:55
414,806,149,353,3,Tamanho Inadequado,2024-06-10 10:04:48
415,853,980,32,4,Expectativa não atendida,2024-09-11 22:58:12
416,612,886,221,5,Desistência,2015-04-08 13:31:43
417,782,612,706,4,Outros,2018-10-25 05:25:28
418,862,598,728,4,Expectativa não atendida,2014-03-17 23:00:57
419,680,29,103,5,Arrependimento,2018-12-14 05:36:29
420,905,359,645,3,Desistência,2019-12-01 13:10:41
421,984,442,210,5,Troca,2024-04-16 14:14:31
422,653,217,571,3,Expectativa não atendida,2021-02-01 09:00:12
423,617,633,546,3,Defeito no Produto,2023-06-09 14:21:08
424,940,719,904,2,Defeito no Produto,2016-09-25 18:21:49
425,454,715,218,3,Expectativa não atendida,2014-09-14 05:19:54
426,73,488,568,5,Defeito no Produto,2016-08-24 21:27:59
427,147,412,632,5,Tamanho Inadequado,2016-07-13 19:48:41
428,815,351,537,3,Tamanho Inadequado,2018-02-21 19:44:40
429,726,537,153,4,Outros,2024-08-09 08:03:22
430,959,342,107,4,Expectativa não atendida,2023-11-21 19:14:22
431,527,299,870,2,Outros,2021-08-23 10:52:13
432,613,756,654,5,Outros,2022-06-01 15:22:31
433,816,309,795,4,Tamanho Inadequado,2020-09-28 01:41:17
434,25,951,460,1,Defeito no Produto,2024-09-14 06:10:17
435,166,39,967,4,Desistência,2022-08-22 04:54:41
436,819,937,966,2,Arrependimento,2017-01-19 18:20:52
437,155,865,104,3,Expectativa não atendida,2022-08-31 14:44:56
438,397,525,83,4,Troca,2023-10-16 23:44:29
439,504,365,351,4,Defeito no Produto,2015-03-25 11:27:26
440,475,23,489,5,Tamanho Inadequado,2016-12-18 09:40:02
441,648,469,343,4,Outros,2019-06-29 12:15:56
442,4,557,190,3,Troca,2023-04-14 20:24:04
443,813,791,581,2,Desistência,2022-01-29 16:45:03
444,823,563,814,5,Troca,2014-01-05 03:29:30
445,133,227,334,5,Troca,2022-04-07 19:35:17
446,418,919,211,4,Defeito no Produto,2019-08-03 10:59:15
447,837,278,715,5,Expectativa não atendida,2015-04-11 14:58:53
448,965,339,151,3,Expectativa não atendida,2016-02-19 13:44:05
449,323,406,141,5,Arrependimento,2019-06-22 16:23:25
450,841,95,491,2,Outros,2022-11-10 07:20:26
451,562,574,603,5,Defeito no Produto,2017-04-25 09:15:38
452,503,1000,116,2,Arrependimento,2024-03-28 11:42:19
453,662,168,28,3,Tamanho Inadequado,2016-11-19 01:25:12
454,331,701,540,2,Desistência,2021-06-14 05:47:51
455,134,937,896,3,Expectativa não atendida,2020-01-30 05:40:11
456,909,766,150,3,Outros,2019-06-24 08:26:10
457,303,614,493,1,Expectativa não atendida,2020-06-06 11:24:37
458,575,316,269,5,Troca,2023-03-07 18:08:17
459,866,132,946,2,Troca,2020-04-22 12:46:12
460,122,386,55,4,Outros,2019-01-27 16:00:49
461,437,391,813,5,Outros,2021-10-07 07:23:36
462,505,307,336,4,Outros,2020-12-21 17:16:08
463,798,14,410,1,Outros,2015-04-20 09:01:29
464,175,857,97,5,Defeito no Produto,2015-01-14 11:25:02
465,455,927,932,2,Troca,2018-05-11 10:18:19
466,780,9,10,3,Troca,2015-12-28 06:06:16
467,885,432,176,1,Desistência,2022-04-09 18:23:54
468,760,757,844,3,Tamanho Inadequado,2024-08-27 02:06:34
469,736,32,409,3,Tamanho Inadequado,2015-12-14 11:01:17
470,767,59,906,5,Desistência,2023-05-21 23:44:21
471,871,648,126,3,Outros,2018-01-30 10:50:44
472,127,327,609,5,Desistência,2015-10-24 02:12:27
473,204,330,552,4,Expectativa não atendida,2017-05-29 14:35:54
474,651,697,241,2,Arrependimento,2019-03-04 14:54:43
475,718,959,13,4,Arrependimento,2017-11-28 08:36:39
476,991,395,317,1,Defeito no Produto,2020-09-21 02:59:26
477,215,892,829,2,Troca,2016-03-15 08:54:53
478,552,842,989,3,Expectativa não atendida,2018-12-18 23:09:51
479,218,937,191,3,Expectativa não atendida,2016-10-03 20:02:02
480,810,293,991,1,Tamanho Inadequado,2018-11-01 22:28:04
481,232,911,655,3,Expectativa não atendida,2020-02-15 10:03:03
482,243,175,97,1,Tamanho Inadequado,2016-03-08 17:54:20
483,818,68,803,5,Troca,2018-11-25 04:19:00
484,42,966,489,1,Expectativa não atendida,2016-04-08 09:04:44
485,123,416,535,2,Troca,2014-04-06 06:47:33
486,427,486,698,5,Expectativa não atendida,2021-05-06 08:30:11
487,562,68,199,4,Desistência,2019-08-28 21:42:29
488,694,660,208,3,Tamanho Inadequado,2024-02-28 14:34:11
489,471,115,642,2,Troca,2016-05-02 20:41:19
490,985,362,318,1,Arrependimento,2021-09-04 10:45:30
491,597,26,492,1,Expectativa não atendida,2016-03-11 03:10:48
492,433,296,372,2,Outros,2019-09-04 03:47:19
493,533,300,24,2,Arrependimento,2022-11-27 05:14:40
494,1000,700,175,4,Troca,2022-04-20 02:04:46
495,168,61,785,5,Outros,2017-05-25 01:15:15
496,764,885,111,1,Troca,2016-05-15 10:17:15
497,131,181,466,2,Desistência,2019-05-09 15:07:38
498,628,472,34,4,Tamanho Inadequado,2020-02-02 23:48:37
499,899,59,773,4,Expectativa não atendida,2015-08-25 11:31:42
500,329,985,404,5,Troca,2020-02-15 15:31:51
501,414,750,39,3,Outros,2017-09-03 06:47:06
502,981,826,10,2,Troca,2019-08-28 17:52:59
503,28,115,832,5,Troca,2015-06-04 13:08:56
504,733,628,331,1,Desistência,2015-01-11 10:23:14
505,247,374,339,3,Arrependimento,2018-05-01 17:40:44
506,73,6,905,2,Expectativa não atendida,2014-01-22 20:53:35
507,353,326,292,2,Outros,2017-03-09 03:55:13
508,825,681,907,3,Arrependimento,2023-10-12 06:10:07
509,837,618,946,4,Troca,2020-10-06 09:44:21
510,933,311,834,1,Defeito no Produto,2023-08-10 03:14:37
511,120,707,328,5,Troca,2015-03-07 00:45:37
512,634,294,629,3,Expectativa não atendida,2022-07-01 20:09:55
513,923,360,849,5,Expectativa não atendida,2015-11-28 11:58:18
514,886,334,538,1,Tamanho Inadequado,2019-04-28 07:28:33
515,70,134,912,2,Defeito no Produto,2018-02-20 15:33:05
516,125,486,577,3,Troca,2020-06-15 21:49:06
517,657,615,582,4,Tamanho Inadequado,2019-11-06 22:16:38
518,102,425,593,5,Desistência,2020-09-10 22:33:50
519,419,644,415,5,Troca,2015-09-27 23:36:54
520,878,200,155,1,Defeito no Produto,2018-10-02 11:02:05
521,789,52,62,2,Desistência,2019-11-16 16:51:05
522,960,976,790,1,Arrependimento,2015-07-18 17:23:10
523,794,620,308,3,Arrependimento,2015-08-12 19:07:39
524,518,559,898,1,Arrependimento,2017-09-05 07:31:28
525,42,763,188,5,Outros,2018-12-17 08:45:16
526,976,195,881,5,Defeito no Produto,2014-01-09 00:48:24
527,506,77,172,1,Defeito no Produto,2016-10-13 20:34:54
528,186,916,544,2,Tamanho Inadequado,2016-05-01 11:03:06
529,924,917,851,4,Expectativa não atendida,2024-05-16 22:12:57
530,398,814,176,2,Expectativa não atendida,2023-01-12 03:17:59
531,686,395,945,1,Defeito no Produto,2017-12-23 08:52:37
532,221,217,33,5,Outros,2014-12-16 14:04:54
533,261,898,925,3,Defeito no Produto,2017-05-17 07:58:18
534,662,738,43,4,Desistência,2019-07-26 09:28:59
535,69,260,535,3,Tamanho Inadequado,2020-08-31 04:25:48
536,264,548,608,4,Desistência,2015-01-31 17:07:27
537,398,949,426,1,Defeito no Produto,2023-05-27 08:15:26
538,209,677,174,1,Desistência,2017-12-25 23:26:33
539,824,359,428,2,Tamanho Inadequado,2017-01-25 05:18:00
540,856,60,525,2,Expectativa não atendida,2018-09-09 11:23:20
541,5,43,480,3,Expectativa não atendida,2022-10-20 03:28:36
542,161,313,48,1,Desistência,2017-11-26 15:14:52
543,463,425,319,3,Troca,2019-06-11 00:02:12
544,403,957,435,1,Defeito no Produto,2020-09-02 04:01:34
545,89,274,680,4,Tamanho Inadequado,2020-09-16 12:45:47
546,203,619,823,2,Expectativa não atendida,2014-04-14 12:45:45
547,698,519,485,2,Troca,2022-09-07 19:16:30
548,497,948,791,2,Arrependimento,2015-09-15 21:48:20
549,900,306,448,3,Expectativa não atendida,2018-02-21 21:00:26
550,361,578,745,2,Outros,2016-06-03 06:37:15
551,835,774,336,1,Defeito no Produto,2019-11-10 10:55:29
552,129,177,314,1,Arrependimento,2016-07-15 17:47:20
553,316,912,986,3,Tamanho Inadequado,2014-02-04 21:49:56
554,2,442,643,2,Arrependimento,2024-10-08 14:38:45
555,426,28,879,5,Arrependimento,2023-08-09 00:50:26
556,64,970,208,2,Outros,2022-01-21 21:55:01
557,353,58,148,2,Outros,2024-04-13 00:59:39
558,598,243,300,2,Expectativa não atendida,2018-11-07 11:03:41
559,289,652,336,1,Troca,2024-11-07 13:49:28
560,837,697,595,1,Troca,2024-02-03 13:36:52
561,815,871,575,1,Expectativa não atendida,2023-04-26 13:17:41
562,618,772,300,1,Expectativa não atendida,2024-03-10 13:12:32
563,430,526,676,3,Outros,2023-06-11 03:00:47
564,377,11,675,5,Desistência,2016-03-03 00:56:54
565,32,254,523,5,Defeito no Produto,2020-12-02 02:53:40
566,511,388,210,2,Arrependimento,2017-02-03 05:55:06
567,644,600,337,5,Outros,2015-03-02 05:14:32
568,740,750,246,5,Outros,2023-05-10 07:58:03
569,209,871,97,2,Arrependimento,2021-04-01 21:31:17
570,995,279,434,2,Defeito no Produto,2022-02-06 07:57:30
571,876,130,663,3,Troca,2023-05-08 13:12:08
572,243,215,326,3,Desistência,2019-10-24 21:59:34
573,752,892,55,3,Troca,2021-11-12 06:43:45
574,623,958,516,4,Expectativa não atendida,2024-06-20 14:54:29
575,722,244,208,1,Tamanho Inadequado,2022-12-10 12:25:32
576,994,219,74,3,Troca,2020-04-15 08:59:44
577,34,481,712,1,Troca,2022-06-27 16:44:47
578,329,574,818,2,Desistência,2017-06-16 10:48:54
579,411,407,33,5,Outros,2022-12-24 08:07:19
580,306,14,836,4,Tamanho Inadequado,2015-06-26 10:37:25
581,203,97,422,4,Desistência,2021-06-30 10:28:07
582,669,8,641,4,Defeito no Produto,2018-06-04 17:05:36
583,133,399,460,4,Arrependimento,2014-08-02 20:45:15
584,546,542,695,2,Arrependimento,2015-01-14 06:08:21
585,411,741,795,2,Tamanho Inadequado,2018-05-18 19:33:04
586,114,974,313,2,Desistência,2015-04-22 15:27:06
587,633,799,272,2,Tamanho Inadequado,2017-12-09 05:02:31
588,437,187,466,1,Troca,2017-07-14 15:20:03
589,605,538,335,4,Defeito no Produto,2016-12-17 15:27:55
590,23,632,265,5,Tamanho Inadequado,2015-10-15 15:24:37
591,611,262,761,4,Troca,2024-03-26 02:30:33
592,566,576,503,4,Expectativa não atendida,2023-05-04 21:26:00
593,768,13,590,1,Troca,2017-09-24 06:36:18
594,679,865,914,5,Defeito no Produto,2017-10-01 22:41:38
595,498,864,28,1,Arrependimento,2018-01-18 09:10:07
596,427,263,546,5,Tamanho Inadequado,2018-03-05 14:41:04
597,204,957,155,5,Troca,2023-01-25 11:36:00
598,317,87,367,2,Arrependimento,2017-11-30 21:07:36
599,421,3,562,3,Desistência,2016-02-24 03:21:48
600,213,877,655,3,Desistência,2017-06-01 01:25:50
601,596,277,817,4,Defeito no Produto,2020-07-24 03:15:57
602,194,874,193,5,Defeito no Produto,2020-01-13 08:40:11
603,594,286,37,1,Expectativa não atendida,2021-11-28 17:16:54
604,983,313,549,5,Troca,2018-02-15 17:29:26
605,912,337,359,3,Arrependimento,2015-01-27 21:25:27
606,482,663,529,2,Troca,2014-07-09 20:47:59
607,343,843,419,5,Tamanho Inadequado,2024-05-08 12:46:58
608,305,337,317,4,Defeito no Produto,2020-12-17 04:17:55
609,511,266,390,2,Desistência,2021-05-15 23:12:21
610,552,669,24,1,Expectativa não atendida,2017-12-06 21:52:50
611,957,387,589,2,Defeito no Produto,2014-02-16 06:12:24
612,520,862,891,1,Outros,2015-08-31 16:23:15
613,132,878,126,1,Arrependimento,2022-07-11 09:21:10
614,782,827,170,5,Desistência,2023-11-20 06:59:29
615,467,29,746,2,Arrependimento,2024-09-07 00:15:36
616,945,812,9,2,Arrependimento,2017-07-26 05:55:02
617,506,56,256,5,Expectativa não atendida,2021-12-14 00:48:23
618,914,512,312,2,Desistência,2022-01-07 23:31:06
619,811,183,115,2,Troca,2017-01-26 21:16:50
620,106,936,690,3,Arrependimento,2024-08-28 08:18:38
621,162,432,222,5,Tamanho Inadequado,2017-04-18 20:59:09
622,864,979,445,5,Tamanho Inadequado,2015-07-17 17:45:22
623,630,71,779,3,Desistência,2019-09-21 02:45:06
624,556,831,790,4,Tamanho Inadequado,2021-11-14 02:29:15
625,774,353,623,3,Desistência,2023-06-15 07:34:58
626,423,202,685,2,Troca,2020-09-12 17:27:09
627,773,923,34,2,Expectativa não atendida,2021-10-16 23:40:22
628,90,257,583,5,Outros,2020-03-20 11:56:29
629,806,187,749,4,Tamanho Inadequado,2023-10-26 01:20:26
630,340,306,921,5,Outros,2015-05-25 16:45:21
631,330,928,492,1,Troca,2017-12-31 06:57:53
632,713,326,963,4,Tamanho Inadequado,2019-11-20 06:14:03
633,551,790,531,1,Desistência,2018-07-29 03:02:27
634,273,989,661,4,Tamanho Inadequado,2019-12-31 20:20:45
635,48,310,49,4,Troca,2024-12-12 11:37:08
636,935,827,263,3,Desistência,2024-09-03 01:56:00
637,492,56,333,3,Desistência,2021-01-02 04:15:18
638,236,754,648,2,Outros,2016-09-11 04:45:03
639,620,949,946,5,Desistência,2016-04-05 11:48:03
640,945,217,994,2,Tamanho Inadequado,2017-04-25 21:15:16
641,916,440,654,4,Outros,2021-08-22 21:20:50
642,286,662,270,2,Tamanho Inadequado,2018-12-12 22:51:26
643,361,116,638,4,Tamanho Inadequado,2016-01-01 00:03:52
644,529,226,828,1,Outros,2016-09-23 09:07:35
645,349,539,114,3,Outros,2021-07-27 02:01:43
646,812,138,716,1,Desistência,2022-05-02 13:08:03
647,741,426,80,3,Troca,2020-08-03 02:22:18
648,787,527,783,1,Arrependimento,2017-12-15 11:58:57
649,424,285,275,1,Arrependimento,2016-03-07 09:56:58
650,86,258,530,4,Desistência,2014-09-21 04:16:32
651,266,248,136,2,Arrependimento,2017-08-10 11:19:51
652,559,231,354,2,Tamanho Inadequado,2024-11-04 06:41:06
653,144,975,117,5,Outros,2024-12-10 08:25:32
654,35,542,967,1,Tamanho Inadequado,2019-09-08 23:36:07
655,711,450,695,5,Troca,2014-06-24 06:25:57
656,250,79,359,2,Tamanho Inadequado,2019-09-29 10:31:53
657,166,829,579,2,Expectativa não atendida,2016-03-05 11:03:00
658,339,380,761,1,Troca,2015-02-20 11:51:02
659,16,308,680,2,Defeito no Produto,2023-03-11 15:48:05
660,477,386,783,5,Arrependimento,2018-04-05 04:00:16
661,983,48,625,5,Tamanho Inadequado,2021-09-11 11:40:23
662,310,731,784,2,Troca,2018-09-08 00:12:13
663,633,102,229,1,Desistência,2015-05-08 01:20:55
664,378,189,515,3,Expectativa não atendida,2024-06-06 14:17:33
665,937,377,240,2,Desistência,2016-04-27 18:55:07
666,703,870,833,3,Outros,2014-10-01 20:15:06
667,261,831,983,1,Tamanho Inadequado,2018-06-24 09:15:40
668,345,314,42,1,Arrependimento,2016-09-26 09:01:03
669,397,733,828,5,Outros,2024-09-11 19:46:36
670,483,13,721,4,Desistência,2020-09-28 17:18:08
671,735,778,620,4,Expectativa não atendida,2022-04-21 16:03:47
672,22,536,67,2,Defeito no Produto,2015-05-21 17:32:31
673,535,217,321,1,Defeito no Produto,2024-09-25 17:04:59
674,741,954,604,2,Desistência,2016-03-31 08:31:16
675,35,985,476,3,Defeito no Produto,2017-10-30 04:38:49
676,784,167,732,4,Tamanho Inadequado,2021-04-04 15:35:35
677,146,17,484,1,Tamanho Inadequado,2022-06-22 05:13:08
678,677,281,930,1,Defeito no Produto,2021-09-24 10:17:23
679,93,42,115,5,Tamanho Inadequado,2015-06-17 14:56:41
680,265,979,677,1,Expectativa não atendida,2022-04-08 05:21:34
681,653,933,82,4,Tamanho Inadequado,2018-05-23 00:53:01
682,174,643,461,4,Arrependimento,2015-07-11 01:53:31
683,791,639,479,1,Arrependimento,2018-06-09 05:52:38
684,272,547,903,5,Arrependimento,2022-04-17 21:28:30
685,37,656,214,2,Outros,2020-02-27 01:46:09
686,703,527,379,2,Desistência,2021-04-23 07:40:14
687,302,876,669,1,Defeito no Produto,2019-08-20 00:43:37
688,728,144,112,4,Desistência,2020-11-20 07:52:16
689,952,976,804,4,Expectativa não atendida,2023-02-23 11:25:49
690,304,48,960,4,Arrependimento,2023-08-27 10:16:36
691,637,588,641,5,Defeito no Produto,2014-10-24 14:01:03
692,464,850,438,4,Outros,2015-11-18 02:16:38
693,175,268,869,5,Desistência,2024-02-07 10:45:24
694,216,659,696,2,Troca,2023-03-27 04:52:45
695,132,402,903,5,Tamanho Inadequado,2015-08-03 09:57:17
696,122,444,680,1,Tamanho Inadequado,2014-09-11 03:26:09
697,591,966,830,2,Defeito no Produto,2015-08-01 13:04:30
698,253,672,64,2,Outros,2022-07-12 12:21:44
699,839,773,30,5,Expectativa não atendida,2022-12-24 04:52:03
700,190,925,223,1,Expectativa não atendida,2018-07-11 05:56:27
701,673,638,897,3,Troca,2022-03-10 05:53:19
702,642,717,342,5,Defeito no Produto,2024-01-05 19:24:06
703,573,845,119,5,Expectativa não atendida,2023-01-07 01:39:18
704,158,191,705,2,Defeito no Produto,2022-03-29 22:37:43
705,105,52,386,1,Tamanho Inadequado,2022-06-08 15:59:32
706,516,353,340,1,Troca,2021-03-25 03:25:30
707,333,662,625,4,Tamanho Inadequado,2015-03-27 21:55:35
708,690,396,466,3,Desistência,2024-08-13 00:00:39
709,412,823,669,3,Arrependimento,2019-11-07 05:28:44
710,893,861,297,2,Tamanho Inadequado,2019-08-24 18:49:35
711,440,252,77,4,Arrependimento,2022-08-16 05:00:52
712,711,509,69,1,Troca,2019-09-24 08:01:26
713,488,161,346,2,Expectativa não atendida,2023-07-11 15:33:29
714,448,303,926,5,Troca,2024-09-08 12:45:38
715,292,830,196,1,Arrependimento,2019-01-03 04:52:54
716,920,807,328,5,Defeito no Produto,2019-09-23 05:53:09
717,863,196,993,4,Outros,2024-10-02 20:49:29
718,426,748,827,2,Desistência,2020-02-29 22:06:29
719,355,238,193,1,Defeito no Produto,2015-11-01 20:20:10
720,431,813,943,5,Arrependimento,2014-06-30 12:12:16
721,46,910,103,3,Arrependimento,2020-04-15 01:32:26
722,382,403,389,2,Defeito no Produto,2019-08-06 15:37:05
723,935,184,267,4,Outros,2020-03-21 03:57:02
724,897,151,240,1,Expectativa não atendida,2022-08-24 02:19:57
725,525,833,112,4,Expectativa não atendida,2014-02-22 16:26:54
726,317,443,997,1,Tamanho Inadequado,2016-02-10 07:39:33
727,713,369,441,5,Defeito no Produto,2019-11-08 08:47:59
728,731,518,37,4,Defeito no Produto,2020-02-23 18:10:08
729,319,710,622,1,Arrependimento,2023-08-05 15:31:04
730,224,548,706,1,Troca,2023-09-04 18:26:47
731,444,774,773,5,Desistência,2017-07-04 05:53:28
732,569,833,173,1,Expectativa não atendida,2014-06-01 11:03:03
733,283,642,362,2,Defeito no Produto,2019-03-18 02:13:39
734,244,997,343,2,Arrependimento,2022-07-05 17:31:41
735,135,252,125,3,Defeito no Produto,2019-06-14 00:53:37
736,550,658,591,5,Arrependimento,2018-11-11 03:33:41
737,785,32,843,3,Desistência,2022-07-14 20:21:58
738,604,351,509,5,Tamanho Inadequado,2016-04-23 13:28:26
739,504,934,186,1,Defeito no Produto,2022-06-26 03:01:23
740,849,813,413,4,Troca,2020-05-18 08:49:38
741,641,677,478,2,Defeito no Produto,2016-07-23 12:09:52
742,163,555,910,2,Defeito no Produto,2020-05-31 14:04:52
743,905,850,608,1,Expectativa não atendida,2018-08-26 17:08:54
744,581,722,796,4,Outros,2014-07-04 07:40:32
745,768,771,385,4,Troca,2020-08-11 16:34:33
746,186,302,97,1,Tamanho Inadequado,2014-06-05 06:36:30
747,187,660,405,1,Outros,2018-04-24 16:17:01
748,542,598,687,1,Arrependimento,2017-08-27 05:39:26
749,712,807,551,4,Outros,2015-03-11 08:24:17
750,654,179,993,4,Expectativa não atendida,2020-03-15 07:26:46
751,564,953,516,5,Desistência,2015-01-31 08:39:43
752,594,340,408,4,Desistência,2022-07-01 04:08:57
753,26,3,628,3,Tamanho Inadequado,2024-04-08 04:59:06
754,878,722,374,5,Arrependimento,2014-02-08 12:54:51
755,579,506,7,1,Troca,2022-06-19 16:18:50
756,321,196,527,3,Expectativa não atendida,2021-08-20 11:02:15
757,139,781,668,1,Outros,2021-05-23 03:22:39
758,458,301,488,5,Outros,2020-04-16 12:01:47
759,730,750,463,1,Outros,2017-07-12 14:01:49
760,991,315,240,3,Expectativa não atendida,2014-06-19 00:28:57
761,802,855,969,1,Troca,2014-05-04 15:17:40
762,305,647,158,4,Outros,2020-12-06 09:34:12
763,23,348,400,1,Arrependimento,2015-11-07 09:09:55
764,873,13,719,3,Desistência,2014-04-20 13:43:34
765,383,733,538,5,Outros,2023-01-18 15:56:54
766,337,206,184,2,Expectativa não atendida,2024-12-21 19:06:09
767,908,630,75,5,Tamanho Inadequado,2023-12-31 05:50:55
768,227,626,240,1,Outros,2019-04-29 05:13:59
769,448,615,184,4,Tamanho Inadequado,2020-06-02 07:48:07
770,451,210,200,3,Tamanho Inadequado,2017-04-13 23:17:21
771,424,556,564,2,Desistência,2023-11-14 21:25:02
772,840,864,501,5,Tamanho Inadequado,2024-10-23 15:07:38
773,452,255,163,4,Arrependimento,2018-06-15 08:17:38
774,499,295,117,3,Expectativa não atendida,2023-07-26 06:52:42
775,40,18,942,5,Expectativa não atendida,2021-02-17 08:25:23
776,757,488,7,5,Desistência,2020-03-27 18:28:03
777,781,745,515,3,Expectativa não atendida,2017-10-20 16:02:17
778,595,498,165,3,Arrependimento,2021-01-30 19:09:07
779,30,3,976,2,Defeito no Produto,2020-01-14 19:52:59
780,98,545,801,1,Desistência,2023-04-11 19:01:00
781,134,277,194,2,Expectativa não atendida,2017-04-02 22:29:35
782,485,958,847,2,Tamanho Inadequado,2021-07-01 02:07:20
783,224,458,282,4,Arrependimento,2021-07-19 06:21:53
784,561,423,638,5,Troca,2018-12-29 16:43:57
785,252,602,418,4,Defeito no Produto,2020-05-15 13:15:32
786,914,409,615,3,Desistência,2019-03-20 02:34:28
787,8,626,346,2,Arrependimento,2024-05-21 01:19:08
788,706,858,1000,2,Outros,2018-01-10 23:52:37
789,694,456,502,3,Tamanho Inadequado,2024-11-14 12:55:58
790,653,673,980,3,Tamanho Inadequado,2018-12-06 06:30:01
791,834,528,652,5,Defeito no Produto,2023-04-11 01:49:44
792,265,341,52,3,Troca,2022-06-29 05:17:24
793,159,173,6,4,Tamanho Inadequado,2014-07-28 21:30:27
794,587,935,123,2,Tamanho Inadequado,2024-01-12 11:58:54
795,554,815,966,4,Outros,2014-04-02 00:02:58
796,883,114,765,1,Arrependimento,2014-02-06 04:05:44
797,306,416,973,5,Desistência,2018-04-02 21:09:06
798,556,279,795,1,Expectativa não atendida,2014-01-15 09:24:12
799,90,238,827,4,Outros,2018-09-19 01:35:02
800,379,254,838,1,Tamanho Inadequado,2020-10-10 19:43:01
801,889,435,650,5,Defeito no Produto,2021-05-04 04:41:50
802,418,21,958,3,Desistência,2021-11-10 18:37:36
803,102,622,649,5,Arrependimento,2022-03-15 02:17:46
804,439,518,367,2,Expectativa não atendida,2017-09-07 14:38:21
805,468,925,211,4,Outros,2015-02-21 16:41:55
806,714,850,85,3,Outros,2018-05-26 19:08:29
807,444,899,563,2,Outros,2017-01-02 05:13:46
808,129,886,951,2,Arrependimento,2018-11-14 13:14:41
809,124,864,65,3,Desistência,2018-08-23 00:48:27
810,805,659,365,5,Outros,2017-01-05 05:06:00
811,305,647,981,4,Expectativa não atendida,2015-03-07 15:45:30
812,766,190,312,3,Desistência,2014-05-21 18:23:13
813,586,869,869,5,Arrependimento,2023-10-20 10:21:53
814,555,683,123,1,Defeito no Produto,2019-02-11 09:52:37
815,936,354,489,2,Defeito no Produto,2016-12-27 09:10:59
816,270,329,424,5,Desistência,2018-02-28 15:51:06
817,290,598,695,5,Arrependimento,2021-10-09 13:02:39
818,255,522,77,1,Troca,2015-03-09 05:19:11
819,816,425,203,5,Defeito no Produto,2015-05-10 08:56:00
820,54,382,59,1,Desistência,2016-09-29 12:24:19
821,320,187,389,3,Outros,2019-01-29 04:23:03
822,48,12,393,1,Arrependimento,2018-03-30 05:12:36
823,994,831,531,4,Troca,2014-12-20 07:54:31
824,555,403,733,5,Troca,2021-03-01 07:10:42
825,933,217,300,3,Arrependimento,2015-03-28 22:55:39
826,255,78,284,5,Expectativa não atendida,2015-10-31 06:08:34
827,175,781,586,4,Defeito no Produto,2020-11-04 10:31:40
828,622,817,420,3,Troca,2020-04-28 14:25:14
829,752,989,145,3,Tamanho Inadequado,2014-08-29 11:08:41
830,106,109,831,5,Arrependimento,2018-05-09 14:50:23
831,746,372,368,1,Expectativa não atendida,2017-04-30 19:37:14
832,329,525,52,2,Arrependimento,2022-09-27 14:35:32
833,972,671,453,3,Arrependimento,2015-01-06 17:51:21
834,44,199,682,2,Outros,2024-01-25 10:34:39
835,32,321,483,5,Tamanho Inadequado,2015-04-23 14:27:30
836,309,128,970,5,Outros,2017-01-24 12:00:53
837,704,823,587,1,Outros,2019-06-24 11:43:37
838,225,171,470,5,Expectativa não atendida,2023-03-06 05:54:20
839,789,953,595,1,Expectativa não atendida,2023-02-07 00:20:30
840,324,780,725,3,Desistência,2024-11-15 16:42:50
841,823,391,471,2,Tamanho Inadequado,2018-03-11 23:46:51
842,869,64,376,3,Arrependimento,2021-04-12 00:40:44
843,91,539,927,5,Troca,2020-04-04 04:41:59
844,701,77,608,5,Troca,2023-09-10 12:38:08
845,70,409,646,3,Arrependimento,2015-10-20 03:31:49
846,287,103,466,1,Outros,2014-09-30 19:59:48
847,570,793,860,5,Expectativa não atendida,2022-08-03 00:28:47
848,666,520,164,2,Defeito no Produto,2021-12-14 18:48:43
849,353,884,745,1,Expectativa não atendida,2023-06-08 20:25:18
850,388,72,607,3,Defeito no Produto,2020-03-14 17:35:29
851,748,561,865,5,Arrependimento,2022-06-04 17:52:14
852,962,556,916,1,Expectativa não atendida,2015-07-11 09:40:31
853,901,765,507,4,Arrependimento,2021-09-03 17:22:09
854,359,715,254,4,Desistência,2019-03-03 20:30:41
855,777,638,577,3,Tamanho Inadequado,2019-11-18 23:05:46
856,233,915,540,2,Desistência,2017-09-18 16:47:35
857,615,386,775,3,Expectativa não atendida,2019-08-12 12:05:46
858,201,112,493,2,Defeito no Produto,2015-03-04 05:04:06
859,801,90,134,2,Troca,2024-11-09 18:12:19
860,185,422,667,2,Defeito no Produto,2020-12-25 12:03:04
861,858,630,629,4,Desistência,2023-10-22 14:13:14
862,433,350,933,1,Tamanho Inadequado,2017-09-16 02:46:52
863,763,160,716,4,Troca,2018-10-20 12:54:30
864,987,81,488,5,Tamanho Inadequado,2015-11-07 10:18:39
865,934,260,319,4,Expectativa não atendida,2022-12-02 10:47:48
866,206,447,398,2,Desistência,2019-01-19 17:03:26
867,314,526,417,1,Arrependimento,2018-07-29 02:31:15
868,572,324,361,3,Defeito no Produto,2017-03-10 11:52:32
869,450,654,896,5,Defeito no Produto,2016-12-11 02:30:04
870,676,430,771,1,Arrependimento,2019-02-27 15:00:26
871,183,865,364,5,Expectativa não atendida,2018-07-18 20:22:03
872,248,125,742,4,Defeito no Produto,2019-02-14 19:15:44
873,199,484,324,5,Tamanho Inadequado,2016-01-24 13:09:47
874,448,509,185,4,Tamanho Inadequado,2024-04-15 12:28:23
875,608,611,615,4,Troca,2020-09-18 04:40:11
876,95,698,287,3,Arrependimento,2014-08-31 08:02:44
877,747,907,841,5,Defeito no Produto,2016-10-21 15:54:13
878,353,594,144,3,Outros,2020-10-26 07:37:07
879,195,14,947,5,Tamanho Inadequado,2014-06-13 21:41:06
880,673,648,160,4,Desistência,2021-01-15 00:00:23
881,419,446,146,4,Arrependimento,2016-07-18 02:54:33
882,926,837,73,5,Defeito no Produto,2017-12-25 23:56:59
883,987,157,146,3,Outros,2015-01-24 22:57:01
884,122,474,130,5,Expectativa não atendida,2021-02-26 20:00:39
885,724,653,228,1,Tamanho Inadequado,2023-10-09 11:29:56
886,357,419,262,1,Defeito no Produto,2024-08-12 05:59:26
887,215,667,937,2,Tamanho Inadequado,2019-09-28 02:03:17
888,832,423,397,3,Desistência,2019-09-20 15:51:36
889,26,293,660,4,Troca,2021-01-28 15:54:36
890,745,936,794,3,Defeito no Produto,2024-12-01 17:18:57
891,157,31,541,1,Outros,2016-07-04 00:54:11
892,844,189,616,5,Arrependimento,2016-05-05 08:37:14
893,717,372,618,3,Defeito no Produto,2023-02-25 16:57:43
894,241,451,949,5,Outros,2024-01-09 15:09:07
895,66,209,376,4,Defeito no Produto,2020-11-14 13:08:26
896,923,962,246,2,Expectativa não atendida,2014-10-29 22:26:51
897,95,916,751,4,Troca,2023-10-24 21:10:06
898,52,90,828,5,Troca,2022-10-10 14:45:34
899,859,433,502,1,Troca,2021-12-09 18:28:35
900,99,343,75,3,Tamanho Inadequado,2018-09-24 08:17:17
901,990,620,87,2,Outros,2017-11-25 19:03:31
902,62,722,664,4,Defeito no Produto,2015-04-11 13:12:46
903,23,850,704,1,Expectativa não atendida,2022-03-20 10:40:19
904,506,347,261,4,Arrependimento,2020-12-30 14:54:43
905,422,37,981,4,Tamanho Inadequado,2014-03-18 14:29:38
906,466,702,982,4,Tamanho Inadequado,2023-06-03 23:37:09
907,60,369,796,3,Arrependimento,2017-11-23 22:47:26
908,336,457,822,5,Outros,2023-04-26 23:50:55
909,871,942,51,1,Troca,2015-10-30 13:05:44
910,425,344,167,4,Expectativa não atendida,2018-09-02 08:52:38
911,260,716,999,5,Arrependimento,2023-03-31 13:48:35
912,101,790,302,5,Troca,2015-04-10 14:09:27
913,849,844,205,3,Defeito no Produto,2016-01-13 01:45:20
914,881,600,761,1,Arrependimento,2019-04-24 16:40:33
915,431,125,243,2,Defeito no Produto,2024-04-19 05:54:02
916,523,577,23,5,Troca,2016-05-25 01:44:49
917,190,122,918,1,Desistência,2024-01-01 23:20:07
918,392,278,643,3,Expectativa não atendida,2018-08-24 03:43:58
919,56,286,98,2,Defeito no Produto,2023-03-06 23:29:08
920,265,348,546,2,Troca,2022-11-10 23:32:45
921,248,426,801,5,Arrependimento,2016-11-07 13:12:33
922,94,883,645,3,Desistência,2022-09-10 23:22:51
923,945,330,78,3,Desistência,2017-01-08 08:14:50
924,569,829,243,2,Expectativa não atendida,2014-07-27 20:47:23
925,530,249,39,2,Defeito no Produto,2021-09-25 22:18:21
926,620,22,843,1,Defeito no Produto,2019-03-13 20:11:27
927,988,910,570,4,Expectativa não atendida,2020-04-01 07:15:07
928,942,573,689,1,Tamanho Inadequado,2018-02-05 17:16:57
929,260,657,502,1,Outros,2022-09-24 13:28:06
930,71,189,653,1,Desistência,2018-05-19 19:36:40
931,496,417,760,1,Desistência,2016-08-14 23:56:06
932,96,912,234,2,Defeito no Produto,2023-12-10 06:40:02
933,849,921,242,3,Troca,2022-07-22 15:46:04
934,894,29,381,5,Expectativa não atendida,2016-01-17 06:20:24
935,129,119,127,3,Troca,2014-06-01 04:35:13
936,823,85,337,4,Arrependimento,2014-05-31 14:42:13
937,447,644,150,1,Expectativa não atendida,2022-08-02 18:58:19
938,493,652,219,2,Arrependimento,2016-06-17 22:39:27
939,994,752,655,3,Outros,2021-05-29 21:19:45
940,449,124,592,5,Defeito no Produto,2014-09-02 19:38:42
941,238,444,264,5,Desistência,2021-06-13 11:43:57
942,982,552,836,3,Outros,2020-11-27 12:36:59
943,210,747,530,1,Defeito no Produto,2019-08-25 14:41:12
944,156,716,518,3,Troca,2014-01-01 03:19:31
945,238,747,913,2,Arrependimento,2020-11-30 17:48:23
946,801,241,409,2,Expectativa não atendida,2022-09-12 02:23:41
947,86,365,530,5,Outros,2015-09-13 18:31:22
948,311,555,555,1,Tamanho Inadequado,2021-08-20 21:33:45
949,428,754,367,5,Outros,2016-05-24 03:01:44
950,917,224,754,3,Troca,2022-01-07 18:08:25
951,419,673,602,2,Defeito no Produto,2021-02-24 15:33:10
952,717,369,528,3,Arrependimento,2015-01-25 10:11:05
953,699,868,990,4,Defeito no Produto,2014-01-25 13:21:16
954,464,745,676,5,Expectativa não atendida,2023-02-09 19:51:06
955,790,964,303,5,Tamanho Inadequado,2018-09-05 07:59:22
956,737,126,994,1,Outros,2018-02-03 05:26:32
957,487,87,604,5,Troca,2016-07-04 10:26:22
958,430,21,537,5,Expectativa não atendida,2016-07-24 20:28:40
959,76,145,934,5,Defeito no Produto,2024-04-08 00:17:34
960,108,28,345,4,Arrependimento,2024-11-30 21:56:31
961,442,42,142,2,Troca,2017-10-01 13:23:25
962,805,173,798,1,Defeito no Produto,2014-07-27 09:41:25
963,976,910,360,5,Troca,2024-02-22 08:41:25
964,976,511,813,1,Expectativa não atendida,2019-11-20 01:13:58
965,183,829,102,1,Expectativa não atendida,2021-03-08 01:38:52
966,309,123,936,1,Tamanho Inadequado,2016-11-08 01:24:59
967,712,99,119,4,Troca,2024-06-10 14:24:25
968,138,793,584,5,Desistência,2019-10-21 18:30:34
969,958,234,666,1,Arrependimento,2015-11-09 09:14:38
970,487,967,244,4,Outros,2018-04-02 03:36:40
971,110,883,128,2,Desistência,2023-05-01 19:19:34
972,822,846,203,4,Expectativa não atendida,2024-04-14 22:25:48
973,849,660,954,2,Defeito no Produto,2021-08-07 19:07:00
974,590,105,440,4,Tamanho Inadequado,2024-03-13 18:44:46
975,916,130,392,4,Outros,2016-06-10 07:43:02
976,131,696,457,1,Desistência,2019-01-10 14:42:24
977,680,388,139,1,Troca,2021-01-31 08:40:29
978,857,327,176,5,Tamanho Inadequado,2017-11-08 20:09:53
979,104,485,318,1,Expectativa não atendida,2020-10-18 03:31:22
980,502,815,957,2,Desistência,2022-03-27 20:46:52
981,115,364,754,5,Outros,2020-12-03 10:46:39
982,678,668,636,1,Troca,2015-02-12 19:08:16
983,107,855,288,5,Desistência,2019-07-03 07:07:13
984,515,250,376,2,Defeito no Produto,2017-10-02 11:43:37
985,231,716,843,4,Defeito no Produto,2014-03-27 09:42:10
986,877,546,508,4,Arrependimento,2018-07-05 08:02:43
987,303,76,996,3,Desistência,2019-09-24 03:20:44
988,40,879,916,1,Desistência,2014-06-19 18:55:54
989,220,339,425,4,Expectativa não atendida,2017-03-17 09:40:06
990,791,377,160,1,Expectativa não atendida,2016-05-14 11:33:22
991,894,315,831,1,Troca,2022-07-03 02:52:47
992,4,823,801,4,Tamanho Inadequado,2021-07-26 13:11:19
993,307,624,745,3,Expectativa não atendida,2018-11-21 06:06:20
994,844,952,246,1,Arrependimento,2019-11-26 02:22:49
995,522,484,848,1,Tamanho Inadequado,2023-08-12 18:41:52
996,402,919,534,5,Desistência,2020-02-21 18:53:41
997,87,78,866,1,Expectativa não atendida,2024-06-13 15:59:01
998,404,190,854,4,Tamanho Inadequado,2023-01-24 21:17:32
999,932,883,690,1,Desistência,2023-08-20 18:03:10
1000,707,498,396,5,Tamanho Inadequado,2021-03-14 23:00:24
