Pedido_ID,Fornecedor_ID,Produto_ID,Quantidade,Data do Pedido
1,92,72,95,2016-01-13 23:20:30
2,43,503,10,2018-05-29 01:16:58
3,14,165,67,2018-03-15 06:49:35
4,28,199,25,2014-01-29 07:59:56
5,71,670,83,2021-05-27 17:52:49
6,73,304,86,2015-08-24 12:42:59
7,63,739,60,2020-03-30 02:28:53
8,21,396,54,2021-07-22 18:04:04
9,91,433,12,2014-02-25 22:31:53
10,100,1,96,2019-12-14 03:52:12
11,61,310,32,2017-06-21 04:27:45
12,22,761,13,2016-04-15 11:59:53
13,1,268,18,2015-11-24 22:21:38
14,41,894,35,2014-12-29 13:06:28
15,74,671,60,2019-03-07 04:18:46
16,97,264,49,2019-09-06 05:36:50
17,80,372,98,2021-05-27 04:04:24
18,55,999,15,2021-10-20 11:48:09
19,70,352,71,2018-05-05 00:33:52
20,44,747,75,2021-06-20 18:50:25
21,16,748,68,2016-01-08 11:48:13
22,86,666,45,2020-06-01 06:58:43
23,50,698,38,2014-09-19 00:33:13
24,45,681,30,2019-10-26 03:37:38
25,13,270,71,2016-05-24 21:23:28
26,23,293,96,2014-09-02 04:14:13
27,16,897,92,2020-08-05 01:37:11
28,32,902,57,2018-01-04 03:07:55
29,12,599,89,2014-06-19 04:16:09
30,65,981,62,2017-10-24 19:52:27
31,20,498,61,2019-04-15 21:17:42
32,73,711,20,2016-04-13 05:17:14
33,99,867,47,2014-11-06 20:11:58
34,58,138,44,2020-08-18 13:26:56
35,79,899,43,2019-09-24 07:29:51
36,83,663,82,2019-01-03 05:57:46
37,21,239,68,2018-07-23 02:21:02
38,25,205,85,2021-08-16 11:23:48
39,12,125,18,2014-09-19 19:30:41
40,26,608,96,2020-05-04 21:16:08
41,41,31,39,2015-02-04 13:35:23
42,67,989,46,2021-07-14 12:52:10
43,85,200,49,2020-12-08 23:34:51
44,82,161,66,2019-07-07 01:00:29
45,13,247,49,2014-10-14 07:08:35
46,73,681,52,2018-10-28 22:43:58
47,1,212,97,2020-04-15 10:34:19
48,92,984,72,2020-04-21 14:52:48
49,87,622,36,2021-03-30 04:32:35
50,26,381,57,2017-12-17 11:08:05
51,39,325,79,2015-07-28 00:32:31
52,19,957,46,2020-06-19 06:06:57
53,70,409,13,2018-06-11 01:48:53
54,25,731,81,2015-02-28 15:39:30
55,32,991,49,2017-09-08 03:23:10
56,29,36,43,2014-04-19 14:51:48
57,18,575,73,2021-05-17 20:29:01
58,89,151,49,2020-01-30 05:04:10
59,90,21,53,2020-11-26 22:17:04
60,13,689,35,2017-09-13 12:30:27
61,88,926,86,2018-02-10 18:15:50
62,9,575,13,2015-04-12 09:53:44
63,88,445,32,2021-06-16 09:23:30
64,74,45,32,2019-01-13 15:45:10
65,30,906,75,2015-12-10 22:09:33
66,81,341,65,2017-11-09 16:15:55
67,64,438,25,2019-08-25 10:15:41
68,74,542,79,2020-02-14 15:30:25
69,7,517,37,2014-11-20 13:45:29
70,2,252,22,2014-12-24 10:40:15
71,7,199,91,2019-05-26 04:45:51
72,1,261,69,2017-04-22 07:56:55
73,23,633,47,2016-02-16 18:15:32
74,60,525,73,2014-05-03 07:00:25
75,63,573,97,2018-12-02 02:42:51
76,78,216,44,2015-04-25 03:37:40
77,20,466,97,2021-01-08 01:47:38
78,61,511,42,2018-01-31 08:29:11
79,14,944,43,2015-07-10 12:22:58
80,37,43,93,2020-10-18 19:07:08
81,8,367,82,2014-07-18 14:46:30
82,11,743,56,2020-04-10 22:19:43
83,45,282,44,2014-11-06 06:09:33
84,1,799,48,2020-10-03 19:59:27
85,68,283,16,2015-10-16 18:38:49
86,54,78,75,2014-01-06 01:10:48
87,57,239,79,2017-08-12 07:57:56
88,75,421,69,2016-06-17 02:58:29
89,95,388,96,2020-03-14 15:15:43
90,37,471,40,2020-02-07 07:34:02
91,93,399,96,2018-11-03 07:54:20
92,6,426,57,2018-11-26 04:36:21
93,28,475,88,2014-04-04 01:39:03
94,38,727,59,2014-08-10 08:16:42
95,62,983,53,2020-12-30 18:01:21
96,65,886,47,2021-05-16 08:02:57
97,54,327,21,2021-01-04 14:44:21
98,70,155,73,2021-07-21 18:35:44
99,77,376,79,2021-12-02 07:03:00
100,53,904,10,2015-01-21 20:41:06
101,83,289,13,2018-08-01 18:46:23
102,67,174,41,2016-01-23 20:25:39
103,18,7,29,2017-09-16 09:15:28
104,27,208,98,2017-03-23 14:30:07
105,70,483,61,2019-07-13 03:24:35
106,20,945,86,2016-07-19 02:51:27
107,55,739,52,2016-12-12 00:08:17
108,44,591,54,2017-01-13 22:09:09
109,49,186,30,2015-07-29 12:41:56
110,7,100,66,2019-08-28 14:34:34
111,41,450,13,2016-07-06 15:09:53
112,84,971,24,2018-11-01 22:03:06
113,70,306,37,2016-11-29 10:59:15
114,87,736,64,2021-06-09 01:51:58
115,42,992,97,2015-09-03 11:26:44
116,36,634,11,2021-06-03 11:24:28
117,3,780,10,2014-09-20 10:24:51
118,45,637,24,2019-04-09 09:09:42
119,35,409,38,2018-09-29 13:30:17
120,22,754,95,2016-02-26 01:42:47
121,7,31,77,2018-12-19 10:52:01
122,69,776,61,2017-05-07 16:14:12
123,26,339,40,2020-03-08 18:37:54
124,25,510,83,2014-07-21 05:44:33
125,33,90,47,2016-01-31 21:12:44
126,93,540,57,2020-09-05 12:09:54
127,7,280,32,2016-07-30 00:12:53
128,43,87,12,2021-07-28 10:24:11
129,32,281,82,2017-11-23 20:51:36
130,63,634,31,2021-12-29 04:48:07
131,82,947,25,2014-02-28 08:02:04
132,32,692,48,2016-04-24 04:03:52
133,72,326,65,2018-11-02 06:59:35
134,45,102,52,2018-05-03 02:00:13
135,51,833,55,2014-04-19 16:16:11
136,68,516,63,2017-12-29 19:38:34
137,41,311,40,2020-11-14 21:40:37
138,46,284,85,2018-09-22 02:58:50
139,31,58,97,2019-07-10 00:35:16
140,57,419,72,2015-04-09 04:22:07
141,87,156,71,2018-05-24 15:32:30
142,58,531,82,2014-07-11 16:11:11
143,23,161,38,2020-01-31 13:04:05
144,18,48,12,2019-12-03 01:42:51
145,13,617,84,2018-01-22 03:46:12
146,25,196,73,2017-05-21 05:26:32
147,22,14,54,2015-04-21 14:35:47
148,84,275,28,2019-12-12 21:10:46
149,19,342,17,2021-10-11 12:06:59
150,19,689,81,2018-11-04 18:32:08
151,32,944,32,2021-07-22 05:33:37
152,17,550,49,2018-07-10 08:05:43
153,8,355,50,2021-12-16 20:03:49
154,52,786,13,2017-01-03 23:12:57
155,87,660,21,2018-10-08 00:06:02
156,34,810,68,2021-06-24 12:46:44
157,50,661,53,2014-07-27 14:31:38
158,71,535,67,2020-05-23 07:19:58
159,81,362,81,2019-12-31 21:41:36
160,35,989,94,2015-01-04 15:53:49
161,28,735,88,2019-09-02 08:15:51
162,42,513,49,2016-11-12 05:50:00
163,60,755,98,2020-09-14 06:42:29
164,68,949,50,2016-10-29 11:09:47
165,48,979,28,2018-02-22 22:58:41
166,6,804,43,2020-12-13 02:20:21
167,25,954,97,2016-06-02 10:07:29
168,23,520,83,2019-09-28 06:48:33
169,73,834,95,2021-07-18 16:35:08
170,9,384,89,2021-05-22 12:57:03
171,28,912,62,2021-10-09 05:25:52
172,83,348,94,2017-04-03 16:13:36
173,65,237,61,2017-03-22 10:20:43
174,47,390,87,2018-10-01 08:37:24
175,60,225,31,2021-10-15 01:45:05
176,54,963,37,2015-10-13 04:34:23
177,3,10,19,2017-08-17 07:40:41
178,19,375,76,2020-12-21 07:50:31
179,58,618,74,2017-07-27 23:54:04
180,44,422,11,2016-05-23 15:50:30
181,23,306,64,2020-02-13 05:50:35
182,13,269,90,2020-11-17 11:00:18
183,60,410,80,2015-12-06 19:14:12
184,31,114,42,2018-01-02 02:03:07
185,55,623,74,2019-01-10 08:22:16
186,88,775,69,2020-09-17 07:16:48
187,8,370,18,2017-06-04 20:58:31
188,12,567,96,2016-08-29 21:24:11
189,50,647,60,2019-10-26 16:52:28
190,30,999,87,2016-08-21 23:23:04
191,73,887,98,2015-09-15 12:19:52
192,89,461,92,2014-09-03 05:35:04
193,51,505,73,2020-11-13 15:07:40
194,33,479,11,2018-11-04 18:46:24
195,91,220,87,2015-04-19 13:22:40
196,8,938,15,2014-08-07 16:21:25
197,59,688,91,2015-01-26 09:39:52
198,5,18,72,2015-07-15 10:43:31
199,88,610,35,2021-12-22 07:35:24
200,41,738,80,2019-05-16 02:58:24
201,10,278,28,2014-09-01 03:20:13
202,55,221,19,2017-08-10 04:21:10
203,6,613,66,2016-07-17 10:47:45
204,10,938,99,2020-08-11 04:26:12
205,89,634,57,2018-01-17 15:07:04
206,20,176,73,2014-04-05 16:18:22
207,23,626,89,2018-09-08 08:31:44
208,34,388,99,2019-04-13 01:20:00
209,41,264,61,2016-08-27 13:14:10
210,89,270,67,2014-02-07 03:12:54
211,25,627,99,2020-04-11 03:48:56
212,4,504,57,2020-06-06 08:00:02
213,14,947,48,2015-08-14 13:31:13
214,86,694,44,2016-08-16 14:16:30
215,84,10,25,2017-05-06 18:07:51
216,6,934,61,2014-02-09 04:15:16
217,40,784,74,2016-12-10 00:32:47
218,46,973,32,2015-06-06 08:40:10
219,68,375,86,2019-09-16 04:42:59
220,50,563,99,2018-06-30 06:33:52
221,53,183,35,2021-05-31 22:26:12
222,62,528,66,2020-06-11 04:50:48
223,46,571,85,2018-07-13 15:26:29
224,73,525,42,2019-07-27 07:26:41
225,48,800,78,2019-12-21 16:09:41
226,85,928,18,2016-12-11 13:29:25
227,54,226,65,2015-03-25 16:22:21
228,45,718,10,2014-05-28 19:21:26
229,32,538,89,2016-03-26 20:50:29
230,8,318,95,2016-01-31 04:07:38
231,59,851,60,2016-06-02 08:12:06
232,18,59,27,2017-11-29 01:12:41
233,56,768,13,2021-10-22 17:35:54
234,98,828,34,2020-08-06 16:06:44
235,73,380,90,2021-06-05 17:45:17
236,4,92,49,2017-02-19 16:38:13
237,60,212,71,2021-04-08 10:31:53
238,63,414,100,2018-04-16 18:11:56
239,98,312,63,2015-11-20 15:42:30
240,58,330,92,2019-01-04 04:41:01
241,95,844,41,2019-02-04 04:04:19
242,16,482,69,2021-12-27 09:44:31
243,29,76,49,2015-12-20 18:14:11
244,84,637,24,2020-08-24 04:48:23
245,56,252,65,2014-08-15 11:57:04
246,3,49,47,2014-03-04 11:38:44
247,70,288,80,2016-10-17 20:55:39
248,60,435,25,2015-02-26 04:06:22
249,61,708,94,2020-02-25 22:30:05
250,1,20,38,2016-12-25 13:00:02
251,92,835,47,2019-07-28 03:50:57
252,60,793,21,2019-04-26 14:59:26
253,44,516,53,2020-10-23 15:57:14
254,69,156,40,2016-01-15 15:23:17
255,67,739,51,2017-12-27 12:51:06
256,19,965,17,2014-08-26 15:25:00
257,80,310,37,2021-11-14 00:29:22
258,19,597,79,2017-05-28 23:02:19
259,11,489,94,2014-04-16 21:02:05
260,94,867,12,2017-06-09 23:06:23
261,33,702,82,2014-09-04 09:39:40
262,61,144,96,2017-06-27 10:17:39
263,80,117,61,2021-08-29 15:12:32
264,56,906,90,2021-11-19 01:04:51
265,77,6,60,2016-05-12 07:39:03
266,49,584,23,2016-11-01 13:51:01
267,75,872,51,2015-11-11 00:10:12
268,55,455,73,2015-01-16 15:31:59
269,2,124,24,2015-03-31 06:33:55
270,90,296,82,2015-07-10 18:37:38
271,22,271,33,2017-09-21 23:27:55
272,46,975,35,2014-05-16 12:46:04
273,71,59,86,2017-07-01 14:15:43
274,12,711,48,2017-02-02 11:20:38
275,22,578,91,2015-08-10 06:04:19
276,86,366,70,2020-01-07 00:24:08
277,15,585,47,2016-03-29 03:03:33
278,10,996,82,2015-04-10 11:18:03
279,92,912,15,2016-11-23 23:56:22
280,1,320,54,2014-10-14 05:55:13
281,36,670,47,2014-03-14 00:40:25
282,13,396,10,2021-12-09 07:00:34
283,58,601,88,2016-08-31 09:50:30
284,48,531,100,2014-06-15 03:28:54
285,21,538,90,2016-10-06 22:05:03
286,54,299,82,2019-12-10 21:23:38
287,44,584,96,2020-06-29 02:45:25
288,16,27,16,2018-01-14 04:13:19
289,88,869,64,2019-09-22 12:03:31
290,76,927,35,2016-07-12 07:36:52
291,66,59,84,2015-02-13 16:33:06
292,26,455,25,2014-11-05 00:30:56
293,88,39,40,2019-10-08 13:18:19
294,69,755,60,2016-09-05 08:58:34
295,76,773,95,2017-10-12 20:25:28
296,83,782,28,2016-07-03 23:41:24
297,91,238,74,2014-06-13 23:24:36
298,87,329,30,2018-01-22 10:47:42
299,86,427,96,2015-02-10 08:07:29
300,31,727,47,2019-06-27 13:13:31
301,27,8,77,2018-11-21 14:51:16
302,4,730,66,2016-04-29 03:17:50
303,51,949,99,2014-10-02 01:58:23
304,55,109,99,2019-02-16 05:46:03
305,56,1000,53,2016-07-19 22:29:56
306,6,682,95,2015-01-28 11:24:43
307,6,65,100,2020-10-23 04:28:20
308,8,616,10,2018-07-26 06:42:55
309,39,572,85,2017-04-05 17:20:51
310,90,695,89,2016-11-08 15:46:40
311,55,871,93,2017-01-19 18:19:51
312,83,187,36,2019-09-27 13:24:54
313,68,470,94,2017-05-03 00:02:57
314,66,440,22,2016-01-11 01:55:13
315,27,472,47,2021-07-29 16:54:08
316,93,627,73,2019-02-02 04:10:08
317,44,758,60,2021-12-11 07:07:15
318,18,973,53,2019-12-04 01:00:46
319,58,53,47,2021-04-28 19:55:31
320,59,211,19,2020-03-17 04:39:26
321,38,49,87,2014-09-16 21:25:39
322,26,666,16,2018-11-22 00:57:33
323,1,231,92,2014-11-18 14:11:36
324,37,329,84,2015-04-12 16:24:01
325,77,300,96,2020-01-11 05:49:27
326,46,110,26,2020-08-20 15:54:16
327,54,545,27,2019-01-22 19:42:46
328,48,831,13,2014-05-13 06:14:27
329,17,953,83,2020-10-15 19:03:21
330,39,939,91,2019-08-08 01:54:13
331,42,220,72,2020-02-08 09:07:39
332,39,387,42,2015-12-09 14:24:54
333,75,466,65,2014-05-18 20:47:29
334,51,886,88,2021-08-14 15:08:36
335,94,988,38,2015-09-15 11:25:47
336,90,338,42,2016-05-22 09:49:38
337,99,14,33,2016-06-24 23:05:27
338,65,804,77,2021-09-01 14:49:11
339,20,480,17,2019-04-08 03:47:50
340,76,458,17,2018-10-09 23:02:46
341,66,7,85,2021-07-06 05:41:32
342,81,410,83,2015-05-19 07:06:50
343,18,309,42,2015-02-07 18:37:36
344,50,758,21,2018-03-09 10:04:25
345,99,190,49,2014-02-13 18:11:41
346,92,876,85,2017-03-02 21:58:23
347,55,503,15,2019-12-04 23:27:51
348,99,16,84,2018-11-10 04:28:01
349,10,361,97,2016-12-01 19:47:39
350,66,421,74,2020-09-23 14:28:54
351,87,744,12,2016-03-18 16:05:05
352,21,769,15,2014-07-28 21:45:40
353,7,59,51,2017-05-30 03:37:16
354,31,765,46,2018-08-20 18:54:26
355,39,196,81,2016-04-21 07:10:04
356,74,285,36,2018-03-07 13:10:40
357,80,297,64,2015-12-22 09:48:59
358,31,723,18,2019-11-01 10:52:00
359,49,157,100,2019-12-01 23:51:52
360,51,730,40,2021-05-15 19:40:26
361,69,462,48,2016-12-24 16:34:35
362,8,249,49,2014-01-07 01:47:46
363,11,747,73,2020-05-28 11:34:55
364,9,627,94,2018-10-18 21:01:55
365,1,885,78,2017-11-04 03:28:05
366,30,745,35,2018-08-04 22:15:16
367,32,452,39,2016-07-18 20:30:13
368,34,245,93,2019-09-23 01:52:09
369,17,483,97,2015-12-15 15:38:55
370,54,64,66,2016-08-13 20:51:49
371,89,925,24,2015-04-02 08:26:54
372,74,716,80,2021-10-05 02:23:45
373,66,260,66,2014-08-04 06:49:58
374,32,714,72,2015-07-19 07:35:56
375,80,13,84,2014-05-20 06:00:34
376,94,590,98,2014-04-16 19:29:31
377,4,394,24,2021-06-29 01:08:02
378,4,745,53,2020-06-07 19:14:47
379,60,608,63,2017-07-30 23:14:02
380,88,397,85,2014-06-10 15:13:11
381,63,108,26,2019-12-11 10:58:32
382,80,622,33,2017-02-03 08:19:45
383,80,459,96,2020-04-20 18:20:59
384,53,864,68,2015-01-06 04:15:32
385,39,992,64,2021-12-05 11:56:43
386,1,785,81,2018-12-17 13:16:06
387,20,224,38,2015-01-11 20:23:24
388,82,872,37,2021-12-10 10:37:02
389,16,590,43,2014-08-20 00:24:15
390,4,208,99,2019-07-28 11:25:54
391,48,603,54,2015-01-01 13:36:57
392,21,735,16,2016-04-22 15:19:21
393,34,479,28,2020-10-19 09:13:51
394,2,159,57,2018-02-19 20:08:11
395,3,809,98,2016-12-05 23:38:13
396,75,596,14,2021-08-03 18:27:02
397,21,205,82,2014-11-24 01:08:29
398,39,271,17,2015-12-22 17:07:38
399,75,962,73,2020-01-07 17:16:35
400,21,151,83,2017-03-22 17:49:17
401,69,129,96,2017-02-26 09:42:09
402,85,12,69,2016-04-18 09:48:26
403,90,117,64,2017-02-19 10:18:00
404,72,650,96,2018-07-31 10:10:24
405,57,635,71,2014-07-10 06:15:07
406,18,332,47,2019-08-04 02:18:56
407,83,842,33,2020-10-17 17:15:44
408,94,856,55,2019-10-12 04:32:26
409,72,68,26,2021-04-20 05:04:04
410,31,93,14,2019-06-11 21:57:01
411,39,931,77,2018-06-14 20:38:33
412,12,309,25,2015-10-10 19:25:51
413,42,943,30,2016-08-22 16:02:14
414,22,738,93,2018-04-20 23:38:50
415,77,494,99,2020-08-08 02:57:52
416,98,252,48,2014-04-29 23:05:11
417,40,938,96,2017-04-14 23:04:02
418,50,893,100,2014-03-25 06:32:00
419,42,6,50,2017-04-14 20:37:35
420,40,732,54,2014-07-03 14:51:17
421,33,31,56,2019-05-19 15:34:54
422,9,683,85,2020-12-03 09:28:08
423,60,280,19,2016-12-04 23:41:32
424,58,810,57,2021-04-07 01:33:31
425,36,284,90,2021-09-24 07:53:23
426,27,662,78,2019-07-31 06:15:13
427,73,647,96,2015-12-10 23:07:12
428,56,194,95,2017-11-12 10:39:25
429,54,102,65,2021-11-01 00:52:43
430,87,458,43,2021-07-11 18:24:00
431,70,281,25,2018-04-12 14:54:49
432,32,233,53,2019-05-09 04:15:31
433,81,778,91,2016-09-19 15:33:47
434,15,247,92,2021-04-28 13:08:07
435,8,837,24,2016-03-02 23:44:59
436,79,710,54,2018-03-01 14:27:18
437,63,734,45,2016-02-17 02:11:09
438,45,975,17,2015-09-03 21:22:20
439,55,240,29,2021-10-03 10:01:09
440,26,597,55,2017-02-24 05:30:21
441,80,825,97,2016-12-03 04:17:00
442,30,7,56,2020-04-27 17:44:39
443,65,834,77,2016-10-08 01:30:57
444,26,790,48,2021-01-04 03:20:47
445,67,207,28,2018-07-25 23:38:06
446,69,276,10,2016-10-07 20:21:22
447,32,12,94,2021-02-09 06:52:41
448,62,826,95,2021-01-12 23:42:01
449,8,96,25,2018-11-17 10:10:40
450,17,483,44,2018-02-07 09:19:41
451,8,764,87,2021-03-18 13:49:56
452,61,493,95,2020-01-02 21:51:20
453,31,952,49,2019-01-15 13:17:45
454,36,486,72,2015-11-18 23:37:40
455,45,455,31,2014-07-13 05:10:36
456,43,960,41,2021-09-07 07:34:50
457,27,315,78,2020-01-06 19:36:33
458,38,231,51,2017-09-26 12:33:21
459,82,548,28,2015-11-16 16:37:33
460,92,154,40,2018-05-07 02:45:01
461,56,82,28,2019-08-07 19:40:21
462,54,430,59,2017-07-30 15:05:02
463,83,138,39,2017-09-03 06:11:54
464,99,848,71,2018-08-25 11:55:07
465,38,894,24,2021-06-04 10:41:51
466,94,655,35,2018-05-08 11:11:42
467,19,376,55,2018-06-28 05:29:40
468,71,907,41,2019-10-06 01:56:50
469,80,37,20,2017-06-11 20:34:19
470,59,908,77,2016-09-07 08:40:52
471,44,619,11,2016-12-29 18:19:44
472,52,400,86,2016-05-28 06:07:15
473,78,719,64,2014-09-16 19:03:01
474,71,483,26,2020-01-30 17:09:48
475,5,494,64,2019-10-22 17:02:54
476,26,210,16,2017-10-01 00:17:15
477,96,941,62,2019-01-04 03:23:31
478,80,988,63,2016-06-21 23:50:51
479,16,89,86,2015-07-05 06:36:56
480,42,284,99,2014-07-21 05:58:35
481,8,112,32,2020-05-26 18:47:13
482,46,429,38,2017-11-03 15:03:06
483,10,393,90,2016-03-13 23:53:38
484,31,977,88,2017-12-15 23:55:16
485,20,128,51,2020-08-13 17:20:12
486,28,124,59,2014-04-08 15:44:59
487,19,15,86,2019-07-13 22:05:32
488,89,391,79,2020-02-11 13:05:14
489,98,597,63,2015-08-12 11:54:54
490,7,53,63,2021-08-13 00:48:37
491,18,832,72,2018-12-05 03:23:46
492,11,29,31,2016-04-03 03:12:45
493,94,137,58,2018-03-04 22:50:00
494,23,200,14,2019-11-20 14:05:30
495,41,951,21,2019-07-02 19:10:02
496,88,465,46,2014-08-03 17:16:03
497,63,781,74,2015-06-03 06:30:33
498,2,955,21,2016-03-07 14:24:02
499,25,539,21,2016-01-24 13:18:59
500,56,501,25,2019-08-10 17:06:37
501,17,993,68,2015-06-14 06:01:58
502,55,742,28,2021-02-25 13:57:14
503,34,363,74,2018-06-01 13:17:03
504,82,358,60,2019-02-01 04:40:02
505,13,482,85,2017-01-23 19:08:49
506,76,465,15,2021-12-27 15:17:29
507,59,861,15,2016-01-18 19:25:17
508,100,372,37,2018-03-03 11:33:50
509,35,778,96,2018-02-15 05:04:26
510,14,933,92,2019-11-22 09:56:46
511,13,641,24,2016-12-02 20:07:06
512,69,878,91,2014-07-15 04:36:28
513,11,994,74,2018-09-18 10:26:23
514,3,139,90,2014-09-12 00:54:12
515,33,378,38,2018-06-08 06:33:46
516,20,427,12,2016-06-09 19:42:58
517,21,251,83,2016-10-19 21:33:36
518,61,480,27,2021-03-07 15:49:32
519,46,474,42,2019-11-21 01:11:49
520,89,641,67,2015-07-08 11:59:00
521,36,129,16,2018-10-05 04:49:43
522,3,781,18,2020-08-02 12:56:32
523,19,784,90,2018-07-03 19:05:36
524,73,322,97,2017-11-28 05:48:23
525,75,962,19,2020-10-05 02:28:32
526,23,22,83,2017-03-19 11:21:37
527,15,911,36,2015-10-09 22:26:54
528,40,277,10,2018-01-27 17:54:50
529,15,818,13,2018-02-06 18:10:35
530,51,342,53,2014-11-14 01:25:59
531,35,287,26,2016-12-14 11:50:37
532,98,346,68,2017-04-01 01:26:02
533,20,860,28,2021-04-28 16:53:57
534,8,266,42,2016-12-01 22:04:15
535,37,374,73,2015-05-25 07:25:52
536,92,738,67,2014-07-22 16:45:39
537,12,688,99,2021-09-24 00:21:41
538,93,913,67,2018-07-23 03:26:52
539,6,764,53,2020-06-08 08:03:40
540,13,731,46,2015-05-08 18:05:40
541,12,927,83,2016-04-12 06:44:47
542,25,120,81,2017-11-29 03:34:33
543,37,64,81,2014-12-21 18:24:09
544,13,926,69,2015-02-08 16:20:47
545,65,672,69,2020-06-18 15:59:38
546,75,827,80,2014-01-11 18:17:54
547,23,403,92,2018-07-13 08:43:09
548,75,453,76,2016-08-08 22:19:22
549,46,364,40,2014-06-21 18:04:13
550,55,111,93,2017-12-01 03:17:33
551,82,327,74,2021-09-04 20:56:05
552,32,228,48,2021-10-31 01:48:46
553,78,501,82,2018-07-11 08:49:51
554,43,214,23,2021-02-09 01:27:46
555,72,667,80,2015-08-31 23:09:39
556,98,736,62,2020-03-24 14:21:12
557,91,869,56,2021-09-17 14:50:21
558,48,818,42,2019-07-05 15:43:52
559,75,554,31,2016-03-15 01:38:01
560,47,289,77,2019-11-26 17:02:44
561,91,983,47,2015-08-03 08:59:12
562,36,499,54,2018-02-21 14:01:36
563,36,385,36,2021-04-25 06:33:02
564,68,251,38,2021-03-14 19:53:33
565,83,114,17,2014-02-14 05:51:06
566,49,157,15,2014-12-31 00:25:25
567,60,21,90,2015-11-04 19:53:43
568,90,978,16,2019-09-18 10:24:19
569,21,876,27,2016-07-28 19:14:26
570,51,339,34,2017-08-05 08:04:00
571,30,43,91,2016-02-15 02:47:52
572,83,374,51,2017-04-10 00:18:33
573,68,451,41,2015-07-19 05:34:24
574,94,431,27,2014-02-27 09:04:41
575,31,360,91,2017-02-02 06:56:48
576,28,961,10,2020-02-19 09:52:29
577,7,493,72,2017-05-29 09:40:04
578,3,106,44,2015-11-11 18:36:05
579,83,243,34,2021-12-16 10:26:35
580,34,783,37,2019-07-06 05:20:11
581,30,120,52,2019-02-28 12:03:02
582,89,309,70,2020-02-26 17:39:29
583,30,81,20,2020-11-10 00:50:11
584,48,644,85,2021-06-07 04:47:41
585,63,293,39,2019-10-01 15:46:13
586,59,537,67,2017-07-16 23:24:51
587,77,895,38,2018-01-24 15:33:33
588,76,727,96,2020-11-20 21:09:51
589,5,658,38,2016-11-20 07:04:40
590,20,686,36,2020-05-07 12:04:27
591,97,775,80,2020-09-07 07:50:22
592,64,41,73,2021-08-31 07:10:13
593,4,555,15,2018-04-16 05:13:42
594,71,130,11,2016-02-17 07:29:36
595,20,470,55,2020-05-19 17:20:17
596,95,294,46,2018-07-20 19:17:55
597,54,789,11,2014-03-17 13:41:09
598,17,22,74,2018-02-24 02:09:44
599,17,139,87,2019-01-06 11:47:41
600,74,307,24,2015-05-27 06:38:34
601,47,403,54,2015-12-12 07:30:45
602,64,639,60,2014-09-24 15:00:24
603,74,928,93,2015-04-05 11:49:00
604,11,6,55,2018-06-19 09:36:25
605,11,465,100,2021-01-23 02:01:08
606,45,691,21,2014-05-06 00:47:12
607,63,90,80,2019-07-23 01:20:20
608,43,660,72,2018-08-15 19:38:57
609,23,527,73,2020-09-05 09:01:01
610,35,482,56,2015-03-27 23:54:18
611,73,455,84,2015-07-22 10:58:39
612,19,544,34,2021-03-14 09:56:05
613,72,81,12,2016-02-23 06:55:57
614,27,835,72,2019-09-09 17:24:41
615,48,632,16,2017-05-11 16:51:45
616,67,198,99,2018-07-27 04:09:10
617,60,360,20,2016-10-08 14:37:34
618,87,598,51,2016-07-12 17:52:24
619,86,911,64,2016-05-20 15:27:14
620,2,663,99,2020-11-24 17:51:58
621,93,836,39,2020-06-16 17:37:23
622,53,424,28,2020-01-02 16:49:25
623,51,295,24,2017-02-26 15:53:23
624,87,496,88,2014-03-24 17:10:20
625,60,457,34,2016-08-31 13:39:34
626,28,992,28,2018-10-12 22:04:40
627,44,497,30,2018-07-25 07:59:05
628,35,754,93,2018-01-04 21:46:27
629,100,99,92,2019-02-25 03:00:58
630,30,193,86,2016-03-28 12:10:20
631,13,712,17,2016-01-23 14:34:04
632,90,255,89,2019-07-03 08:38:46
633,29,847,37,2021-02-20 07:36:16
634,23,959,96,2015-05-31 09:49:55
635,89,737,97,2016-02-27 13:41:07
636,72,757,74,2017-06-06 10:34:16
637,96,597,48,2021-11-19 23:45:23
638,30,107,95,2020-12-29 01:23:23
639,36,599,79,2018-09-10 04:16:24
640,26,104,31,2014-03-01 07:07:05
641,87,365,28,2021-01-10 00:21:57
642,83,18,71,2020-12-30 09:42:47
643,91,573,49,2019-07-22 20:40:28
644,21,786,84,2020-09-25 03:50:53
645,23,548,77,2017-06-15 22:17:59
646,63,494,46,2017-11-09 12:20:15
647,30,195,79,2019-11-26 00:13:38
648,25,24,56,2021-05-19 08:29:10
649,67,616,34,2018-01-27 09:43:44
650,39,331,92,2015-06-15 05:43:55
651,14,857,34,2021-07-24 21:11:41
652,34,555,43,2021-02-07 23:32:04
653,92,206,19,2016-03-14 02:54:18
654,31,679,41,2019-11-21 17:08:39
655,41,429,28,2015-02-18 15:22:24
656,28,294,38,2019-03-20 18:57:46
657,5,113,33,2021-09-02 02:03:42
658,28,494,71,2018-04-28 09:22:31
659,43,675,75,2016-05-13 18:32:10
660,54,339,32,2020-04-30 01:36:24
661,43,301,18,2021-10-16 00:16:32
662,31,567,89,2019-02-22 14:04:18
663,83,454,59,2019-03-25 05:36:22
664,39,254,36,2021-04-04 05:04:17
665,43,219,26,2017-10-11 04:30:32
666,97,828,63,2021-08-26 02:29:08
667,4,838,95,2018-06-06 12:28:08
668,79,89,90,2021-03-30 09:19:24
669,7,118,28,2021-09-01 16:09:13
670,19,557,30,2021-01-23 04:55:27
671,76,686,10,2014-12-22 22:54:40
672,95,881,16,2015-12-10 03:14:50
673,89,506,87,2017-12-23 20:23:58
674,62,17,94,2014-10-22 06:33:21
675,73,522,55,2019-09-05 21:51:58
676,98,413,74,2019-10-21 01:48:36
677,76,679,76,2017-01-01 13:45:06
678,25,588,44,2014-12-07 13:15:38
679,64,340,53,2017-07-16 07:06:16
680,55,786,72,2018-02-20 02:35:11
681,90,662,34,2016-10-21 19:38:01
682,9,816,69,2021-06-16 05:39:36
683,60,208,35,2021-12-12 10:49:19
684,21,617,48,2015-08-06 08:28:13
685,70,793,24,2017-03-24 15:54:41
686,37,904,90,2014-03-08 23:56:43
687,45,107,62,2020-07-14 23:17:09
688,88,154,33,2021-11-21 15:12:31
689,39,494,54,2018-02-18 07:49:14
690,20,196,16,2018-04-21 09:56:03
691,34,894,10,2018-09-02 04:12:45
692,28,857,74,2019-03-16 11:28:21
693,20,654,89,2019-05-12 05:24:21
694,65,986,35,2016-06-24 17:22:40
695,57,251,26,2019-04-03 04:49:46
696,98,554,27,2015-03-22 15:21:08
697,81,64,67,2021-04-29 22:05:18
698,25,843,90,2015-07-17 06:36:10
699,51,796,43,2021-11-26 03:37:55
700,25,805,43,2014-10-08 23:24:23
701,39,497,82,2014-07-13 17:35:40
702,2,659,97,2017-08-02 18:43:01
703,32,380,21,2014-08-02 12:55:25
704,44,236,17,2021-05-03 15:47:16
705,76,364,56,2021-08-24 09:14:34
706,27,748,95,2015-07-23 15:00:40
707,9,514,31,2020-10-04 14:31:08
708,85,183,85,2019-06-06 22:12:53
709,36,173,53,2014-12-17 00:36:10
710,35,77,40,2021-08-20 05:10:40
711,26,367,22,2015-09-04 14:10:48
712,8,143,67,2017-07-02 07:30:33
713,99,413,57,2017-05-13 19:54:02
714,21,74,99,2019-04-06 05:29:46
715,35,989,83,2020-12-08 01:13:42
716,12,382,77,2020-06-09 09:41:50
717,90,77,64,2015-07-19 20:41:25
718,88,457,31,2014-01-24 02:01:47
719,26,574,15,2015-12-22 22:50:50
720,92,428,18,2014-04-21 19:02:43
721,75,517,44,2019-09-04 06:24:22
722,12,50,69,2018-02-04 04:40:14
723,82,680,44,2020-02-22 11:10:00
724,98,837,62,2021-09-19 07:28:40
725,54,743,90,2014-08-10 17:40:34
726,77,674,44,2019-04-13 18:36:35
727,54,601,11,2021-06-16 09:32:25
728,43,185,51,2018-05-02 21:24:53
729,74,88,53,2018-08-20 12:38:43
730,75,686,61,2021-05-28 16:49:39
731,8,803,82,2017-03-30 20:26:00
732,37,954,31,2016-05-11 17:27:25
733,12,485,83,2018-12-05 00:57:17
734,99,333,48,2015-04-07 01:18:28
735,82,600,90,2019-12-31 22:31:46
736,34,571,56,2019-02-19 11:59:07
737,84,274,73,2014-09-09 12:51:06
738,65,116,71,2017-05-29 05:20:19
739,33,764,28,2018-10-27 02:18:09
740,16,316,40,2017-03-07 18:40:01
741,26,305,22,2019-10-15 01:43:36
742,78,279,69,2018-07-22 14:00:19
743,53,109,14,2021-08-27 06:34:37
744,81,822,19,2014-05-30 22:42:01
745,32,364,73,2015-08-04 05:26:10
746,78,239,50,2019-03-08 14:45:49
747,83,863,73,2018-12-18 15:19:47
748,99,940,48,2018-02-06 20:55:30
749,29,425,37,2021-09-11 06:22:17
750,100,827,19,2018-11-21 17:55:07
751,13,718,80,2021-10-15 14:45:11
752,16,594,37,2019-08-30 07:27:33
753,72,28,69,2014-10-27 13:45:01
754,21,621,97,2019-06-07 13:40:39
755,98,221,100,2015-08-14 10:46:24
756,87,574,26,2017-09-16 21:48:00
757,50,17,41,2018-02-01 08:58:12
758,24,709,85,2020-10-21 12:38:37
759,36,580,22,2016-07-09 05:08:38
760,32,564,21,2019-02-04 17:35:06
761,36,86,63,2015-10-07 09:52:27
762,2,687,87,2021-02-19 06:54:53
763,85,742,88,2021-06-03 05:56:43
764,9,925,60,2019-01-25 16:45:23
765,79,61,87,2015-09-02 03:26:44
766,48,194,77,2021-09-28 11:57:50
767,69,965,57,2015-03-05 06:27:15
768,47,856,33,2018-01-03 03:56:31
769,53,922,24,2014-09-24 22:25:42
770,8,679,55,2021-04-02 18:18:44
771,90,958,55,2015-01-07 09:06:05
772,1,383,84,2021-09-26 01:58:57
773,32,37,84,2019-01-08 09:37:00
774,100,26,60,2020-08-02 01:22:40
775,6,585,15,2015-06-09 09:27:17
776,40,116,23,2020-12-11 13:35:23
777,72,916,63,2017-11-18 15:53:39
778,4,41,65,2018-12-30 09:05:51
779,16,594,94,2018-11-10 07:32:10
780,89,748,94,2017-02-01 18:54:51
781,33,925,41,2019-12-10 15:46:01
782,66,893,91,2016-06-06 06:49:20
783,51,337,72,2014-12-16 11:44:10
784,97,539,81,2021-04-24 22:42:55
785,28,226,19,2016-07-11 00:20:38
786,54,63,38,2015-01-11 07:38:21
787,51,756,83,2019-12-15 19:34:18
788,99,274,21,2016-12-14 23:44:22
789,73,48,34,2020-01-21 05:34:08
790,68,820,60,2017-02-13 01:29:16
791,65,725,57,2015-01-14 10:30:33
792,88,649,84,2014-02-09 05:57:15
793,77,807,69,2015-02-09 12:18:12
794,8,175,89,2018-05-28 09:44:41
795,6,608,77,2020-02-21 14:20:36
796,91,822,29,2017-07-27 16:35:24
797,5,328,60,2020-11-22 05:52:51
798,21,645,60,2016-03-05 20:29:30
799,43,135,17,2014-04-21 12:11:59
800,15,896,99,2021-02-16 15:05:51
801,46,569,90,2021-04-24 19:08:46
802,59,371,18,2015-08-06 15:20:25
803,30,487,35,2021-02-28 02:12:32
804,73,647,76,2016-10-10 04:06:30
805,74,821,23,2018-09-03 02:14:56
806,92,730,25,2018-08-12 16:30:32
807,21,689,26,2015-04-18 01:10:36
808,79,199,27,2017-03-03 07:01:26
809,64,174,96,2021-06-28 10:54:54
810,93,760,41,2018-01-20 11:13:28
811,71,482,64,2018-11-27 12:37:56
812,40,518,11,2014-01-26 21:53:13
813,42,64,80,2015-03-03 08:55:36
814,36,361,10,2021-11-21 12:41:05
815,82,279,14,2017-12-27 12:29:25
816,69,389,56,2016-04-19 23:25:27
817,1,12,17,2017-02-01 15:15:05
818,83,589,18,2020-01-05 06:02:34
819,22,723,57,2015-12-25 03:46:31
820,91,402,30,2015-03-08 16:14:24
821,84,84,22,2016-11-01 16:00:14
822,87,380,14,2016-11-03 02:54:58
823,50,686,43,2016-05-23 04:14:11
824,42,342,80,2017-10-11 02:29:13
825,40,882,98,2019-08-07 12:41:34
826,91,167,85,2018-08-10 14:35:27
827,39,882,28,2018-05-09 23:37:32
828,28,701,66,2018-07-30 00:26:05
829,24,16,64,2014-06-08 15:35:21
830,68,6,79,2017-11-22 10:28:46
831,100,639,56,2014-03-13 14:27:32
832,39,519,65,2014-05-18 23:09:24
833,42,208,67,2014-09-12 20:17:34
834,71,523,72,2018-07-13 03:08:05
835,90,756,81,2020-07-20 06:37:45
836,20,415,100,2018-11-26 04:27:44
837,67,546,15,2019-04-01 19:34:46
838,22,851,87,2016-12-20 10:56:15
839,31,740,88,2015-01-24 03:27:57
840,40,764,55,2016-04-02 00:33:04
841,20,633,15,2017-08-03 10:02:04
842,92,550,95,2018-11-12 22:18:03
843,91,857,76,2019-12-27 15:38:29
844,91,512,78,2020-04-29 13:12:21
845,40,509,63,2017-08-15 01:48:17
846,62,163,40,2016-03-30 23:21:45
847,97,897,92,2015-12-02 06:25:27
848,71,267,20,2019-05-28 13:12:25
849,95,659,59,2021-04-01 11:46:57
850,59,556,31,2019-10-21 05:12:43
851,42,886,39,2015-06-04 06:33:48
852,37,714,58,2017-04-02 07:27:49
853,82,293,83,2018-01-17 01:45:01
854,51,894,20,2017-07-07 20:35:10
855,84,96,100,2019-10-05 21:06:47
856,42,932,62,2018-06-29 14:25:14
857,2,684,36,2019-02-10 00:48:40
858,40,540,73,2018-03-01 00:40:48
859,79,921,53,2014-03-16 17:50:13
860,30,18,47,2019-03-02 01:44:03
861,2,113,42,2016-07-19 02:37:03
862,64,31,96,2020-03-02 12:54:12
863,60,21,44,2019-11-18 19:31:03
864,33,885,94,2015-11-04 06:17:11
865,98,288,77,2015-12-15 13:30:58
866,78,947,96,2019-06-24 05:25:22
867,5,267,90,2020-06-01 11:29:20
868,81,700,23,2016-08-20 07:16:55
869,85,209,19,2019-11-20 04:47:15
870,48,439,38,2014-01-22 02:30:56
871,52,847,26,2018-02-12 03:30:38
872,65,101,87,2017-09-02 19:35:40
873,42,362,53,2016-09-25 12:35:46
874,69,74,82,2015-12-16 01:53:06
875,87,948,69,2015-07-14 13:09:20
876,76,600,39,2014-04-06 15:36:16
877,58,106,70,2020-12-06 07:56:46
878,38,402,20,2018-04-20 23:12:20
879,92,449,54,2017-02-01 03:37:05
880,87,478,74,2014-02-08 17:03:37
881,27,140,72,2016-10-22 12:36:16
882,39,145,52,2018-09-01 07:30:49
883,59,7,30,2017-10-10 14:53:49
884,28,690,24,2014-11-15 15:22:02
885,90,985,27,2014-10-19 12:27:02
886,63,960,74,2020-06-29 20:45:50
887,30,229,51,2019-03-25 11:05:52
888,82,513,67,2014-02-20 17:52:49
889,16,342,88,2016-10-07 01:15:16
890,96,732,31,2018-11-02 16:17:31
891,36,346,74,2018-05-05 04:38:00
892,80,442,11,2021-06-20 15:11:50
893,39,84,28,2017-09-07 12:32:36
894,8,927,19,2017-04-10 00:33:36
895,27,904,25,2016-08-10 05:40:48
896,80,797,15,2021-10-02 23:45:00
897,30,401,19,2014-01-26 17:42:33
898,49,105,46,2019-02-22 14:58:13
899,2,315,87,2019-08-11 01:01:11
900,72,27,19,2018-04-16 20:10:18
901,13,359,40,2017-02-21 14:13:11
902,82,355,11,2021-09-24 17:55:01
903,82,282,41,2020-12-23 16:47:27
904,61,447,20,2021-07-25 11:06:44
905,41,523,48,2019-03-03 06:23:04
906,29,458,77,2017-06-08 23:12:39
907,36,525,64,2019-03-04 03:42:54
908,60,108,61,2018-08-22 13:45:08
909,32,496,10,2015-07-08 18:15:17
910,33,886,62,2015-08-19 20:44:28
911,24,400,32,2014-07-12 15:51:34
912,81,301,17,2021-10-12 08:30:10
913,44,965,55,2020-12-18 11:37:59
914,87,201,24,2017-03-19 17:19:34
915,4,133,48,2015-07-21 18:31:24
916,29,301,27,2021-01-02 02:31:14
917,51,919,20,2019-05-27 06:37:25
918,80,70,71,2016-06-06 15:02:29
919,78,99,47,2018-09-09 09:54:50
920,4,287,91,2014-01-02 15:23:11
921,68,264,21,2018-08-07 00:50:44
922,31,669,11,2015-05-22 20:10:41
923,4,63,51,2019-04-16 20:42:44
924,58,427,61,2016-10-20 14:39:32
925,34,14,20,2018-08-02 02:25:52
926,60,667,39,2018-12-25 01:13:09
927,71,826,24,2020-03-30 05:14:28
928,7,36,49,2021-04-09 14:49:29
929,55,652,43,2017-11-21 04:25:02
930,67,415,55,2015-10-29 05:12:07
931,53,202,57,2016-05-02 09:27:36
932,55,422,69,2021-09-13 18:51:46
933,4,922,22,2014-01-08 16:28:52
934,47,645,21,2018-06-09 07:13:35
935,20,36,81,2019-05-19 09:45:18
936,64,138,58,2014-02-07 23:59:56
937,36,458,95,2017-10-22 10:04:43
938,68,863,34,2016-07-19 04:09:34
939,70,919,33,2019-11-18 21:25:41
940,74,574,95,2016-12-23 23:26:47
941,5,815,100,2017-04-25 22:51:53
942,18,424,88,2017-07-03 21:23:56
943,56,143,87,2021-10-05 10:04:50
944,98,755,29,2019-12-29 19:05:17
945,68,456,15,2016-06-24 23:34:46
946,28,868,53,2021-05-15 01:53:57
947,73,980,92,2017-01-29 12:38:20
948,92,876,23,2017-09-14 13:31:52
949,31,148,52,2014-08-03 21:59:17
950,21,249,37,2019-09-14 13:28:13
951,90,378,80,2017-09-18 22:24:31
952,23,613,52,2021-05-10 02:09:06
953,73,154,75,2019-03-16 00:41:52
954,39,763,15,2020-07-08 06:07:29
955,61,640,72,2017-07-11 07:42:08
956,83,237,62,2020-05-11 17:38:58
957,32,89,43,2018-12-04 02:26:44
958,69,976,66,2015-06-07 20:28:48
959,74,748,53,2019-03-02 10:47:18
960,50,853,89,2016-05-11 19:56:55
961,80,909,69,2017-05-09 06:17:20
962,16,491,85,2018-04-09 15:07:26
963,60,71,61,2021-09-03 02:48:50
964,29,283,15,2020-03-06 03:28:33
965,65,906,22,2015-04-17 05:41:25
966,64,845,42,2019-07-10 13:01:48
967,63,722,82,2019-06-14 21:29:43
968,18,545,24,2017-03-02 15:21:49
969,82,826,43,2014-07-31 02:16:58
970,8,841,90,2014-10-20 03:24:11
971,59,570,67,2019-11-07 00:31:32
972,16,287,46,2017-03-31 07:11:14
973,37,606,97,2016-06-12 05:40:12
974,45,78,11,2017-05-12 08:21:04
975,28,590,66,2015-02-22 19:43:44
976,60,249,53,2017-10-11 22:34:19
977,15,774,87,2020-09-04 17:15:39
978,3,316,68,2014-01-11 03:41:05
979,36,735,100,2015-08-18 00:32:42
980,50,562,73,2014-08-21 19:28:47
981,91,412,40,2020-01-12 03:12:16
982,74,254,10,2020-06-01 15:35:47
983,74,78,52,2018-04-08 12:01:21
984,86,829,73,2018-04-10 10:10:46
985,61,85,30,2019-06-30 20:01:28
986,34,182,15,2015-04-18 07:57:08
987,51,405,72,2020-10-19 15:51:01
988,81,750,54,2019-11-05 19:32:22
989,40,466,20,2015-11-11 04:59:49
990,12,363,47,2015-06-09 23:59:57
991,57,249,20,2014-12-12 09:47:32
992,49,115,22,2021-07-28 14:58:45
993,81,940,68,2014-08-23 13:42:36
994,26,466,96,2018-12-18 07:27:54
995,20,891,36,2020-12-03 07:56:18
996,2,221,85,2021-07-25 04:07:55
997,90,890,82,2014-05-26 16:45:44
998,18,680,43,2014-01-25 07:19:14
999,62,263,64,2015-03-14 07:28:49
1000,1,640,25,2019-12-23 23:19:10
